Animation_Name,Animation_ID
Bee_Down,0x0F
Bee_Base,0x10
Bee_Down,0x11
Bee_Left,0x12
Bee_Right,0x13
Bee_Stop,0x14
Scarab_Down,0x15
Scarab_Base,0x16
Scarab_Left,0x17
Scarab_Right,0x18
Axe_Charge_1_Base,0x19
Axe_Charge_1_Down,0x1A
Axe_Charge_1_Left,0x1B
Axe_Charge_1_Right,0x1C
Axe_Charge_2_Base,0x1D
Axe_Charge_2_Down,0x1E
Axe_Charge_2_Left,0x1F
Axe_Charge_2_Right,0x20
Axe_Charge_3_Base,0x21
Axe_Charge_3_Down,0x22
Axe_Charge_3_Left,0x23
Axe_Charge_3_Right,0x24
Axe_Charge_4_Base,0x25
Axe_Charge_4_Down,0x26
Axe_Charge_4_Left,0x27
Axe_Charge_4_Right,0x28
Axe_Charge_5_Base,0x29
Axe_Charge_5_Down,0x2A
Axe_Charge_5_Left,0x2B
Axe_Charge_5_Right,0x2C
Axe_Charge_6_Base,0x2D
Axe_Charge_6_Down,0x2E
Axe_Charge_6_Left,0x2F
Axe_Charge_6_Right,0x30
Axe_Charge_7_Base,0x31
Axe_Charge_7_Down,0x32
Axe_Charge_7_Left,0x33
Axe_Charge_7_Right,0x34
Axe_Use_Base,0x35
Axe_Use_Down,0x36
Axe_Use_Left,0x37
Axe_Use_Right,0x38
Axe_Charged_Release_Base,0x39
Axe_Charged_Release_Down,0x3A
Axe_Charged_Release_Left,0x3B
Axe_Charged_Release_Right,0x3C
Player_Stop_Base,0x3D
Player_Stop_Down,0x3E
Player_Stop_Left,0x3F
Player_Stop_Right,0x40
Withdraw_Tool_1,0x41
Withdraw_Tool_2,0x42
Withdraw_Tool_3,0x43
Withdraw_Tool_4,0x44
Drimk_1,0x45
Drimk_2,0x46
Drimk_3,0x47
Drimk_4,0x48
Dizzy_1,0x49
Dizzy_2,0x4A
Dizzy_3,0x4B
Dizzy_4,0x4C
Eat_1,0x4D
Eat_2,0x4E
Eat_3,0x4F
Eat_4,0x50
Fishing_Road_Charge_1_Down,0x51
Fishing_Road_Charge_1_Base,0x52
Fishing_Road_Charge_1_Left,0x53
Fishing_Road_Charge_1_Right,0x54
Fishing_Road_Charge_2_Down,0x55
Fishing_Road_Charge_2_Base,0x56
Fishing_Road_Charge_2_Left,0x57
Fishing_Road_Charge_2_Right,0x58
Fishing_Road_Charge_3_Down,0x59
Fishing_Road_Charge_3_Base,0x5A
Fishing_Road_Charge_3_Left,0x5B
Fishing_Road_Charge_3_Right,0x5C
Fishing_Road_Charge_4_Down,0x5D
Fishing_Road_Charge_4_Base,0x5E
Fishing_Road_Charge_4_Left,0x5F
Fishing_Road_Charge_4_Right,0x60
Fishin_Road_Charge_5_Down,0x61
Fishin_Road_Charge_5_Base,0x62
Fishin_Road_Charge_5_Left,0x63
Fishin_Road_Charge_5_Right,0x64
Fishing_Road_Charge_6_Down,0x65
Fishing_Road_Charge_6_Base,0x66
Fishing_Road_Charge_6_Left,0x67
Fishing_Road_Charge_6_Right,0x68
Fishing_Road_Charge_7_Down,0x69
Fishing_Road_Charge_7_Base,0x6A
Fishing_Road_Charge_7_Left,0x6B
Fishing_Road_Charge_7_Right,0x6C
Fishing_Road_Catch_Down,0x6D
Fishing_Road_Catch_Base,0x6E
Fishing_Road_Catch_Left,0x6F
Fishing_Road_Catch_Right,0x70
Fishing_Road_Collect_Fish_Down,0x71
Fishing_Road_Collect_Fish_Base,0x72
Fishing_Road_Collect_Fish_Left,0x73
Fishing_Road_Collect_Fish_Right,0x74
Fishing_Road_Waithing_Down,0x75
Fishing_Road_Waithing_Base,0x76
Fishing_Road_Waithing_Left,0x77
Fishing_Road_Waithing_Right,0x78
Fishing_Rod_Normal_release_Down,0x79
Fishing_Rod_Normal_release_Base,0x7A
Fishing_Rod_Normal_release_Left,0x7B
Fishing_Rod_Normal_release_Right,0x7C
Player_Weeding_Kiss_1,0x7D
Player_Weeding_Kiss_2,0x7E
Player_Weeding_Kiss_3,0x7F
Player_Weeding_Kiss_4,0x80
Player_Weeding_Wait_Down,0x81
Player_Weeding_Wait_Base,0x82
Player_Weeding_Wait_Left,0x83
Player_Weeding_Wait_Right,0x84
Player_Weeding_Walk_Down,0x85
Player_Weeding_Walk_Base,0x86
Player_Weeding_Walk_Left,0x87
Player_Weeding_Walk_Right,0x88
Player_Frisbee_Charge_1,0x89
Player_Frisbee_Charge_2,0x8A
Player_Frisbee_Charge_3,0x8B
Player_Frisbee_Charge_4,0x8C
Player_Firsbee_Charge_5,0x8D
Player_Frisbee_Charge_6,0x8E
Player_Frisbee_Charge_7,0x8F
Player_Frisbee_Charge_8,0x90
Player_Frisbee_Move_1,0x91
Player_Frisbee_Move_2,0x92
Player_Frisbee_Move_3,0x93
Player_Frisbee_Move_4,0x94
Player_Frisbee_Release_1,0x95
Player_Frisbee_Release_2,0x96
Player_Frisbee_Release_3,0x97
Player_Frisbee_Release_4,0x98
Player_Down_To_Horse_Down,0x99
Player_Down_To_Horse_Base,0x9A
Player_Down_To_Horse_Left,0x9B
Player_Down_To_Horse_Right,0x9C
Hammer_Charge_1_Down,0x9D
Hammer_Charge_1_Base,0x9E
Hammer_Charge_1_Left,0x9F
Hammer_Charge_1_Right,0xA0
Hammer_Charge_2_Down,0xA1
Hammer_Charge_2_Base,0xA2
Hammer_Charge_2_Left,0xA3
Hammer_Charge_2_Right,0xA4
Hammer_Charge_3_Down,0xA5
Hammer_Charge_3_Base,0xA6
Hammer_Charge_3_Left,0xA7
Hammer_Charge_3_Right,0xA8
Hammer_Charge_4_Down,0xA9
Hammer_Charge_4_Base,0xAA
Hammer_Charge_4_Left,0xAB
Hammer_Charge_4_Right,0xAC
Hammer_Charge_5_Down,0xAD
Hammer_Charge_5_Base,0xAE
Hammer_Charge_5_Left,0xAF
Hammer_Charge_5_Right,0xB0
Hammer_Charge_6_Down,0xB1
Hammer_Charge_6_Base,0xB2
Hammer_Charge_6_Left,0xB3
Hammer_Charge_6_Right,0xB4
Hammer_Charge_7_Down,0xB5
Hammer_Charge_7_Base,0xB6
Hammer_Charge_7_Left,0xB7
Hammer_Charge_7_Right,0xB8
Hammer_Normal_Use_Down,0xB9
Hammer_Normal_Use_Base,0xBA
Hammer_Normal_Use_Left,0xBB
Hammer_Normal_Use_Right,0xBC
Hammer_Charged_Use_Down,0xBD
Hammer_Charged_Use_Base,0xBE
Hammer_Charged_Use_Left,0xBF
Hammer_Charged_Use_Right,0xC0
Hoe_Charge_1_Down,0xC1
Hoe_Charge_1_Base,0xC2
Hoe_Charge_1_Left,0xC3
Hoe_Charge_1_Right,0xC4
Hoe_Charge_2_Down,0xC5
Hoe_Charge_2_Base,0xC6
Hoe_Charge_2_Left,0xC7
Hoe_Charge_2_Right,0xC8
Hoe_Charge_3_Down,0xC9
Hoe_Charge_3_Base,0xCA
Hoe_Charge_3_Left,0xCB
Hoe_Charge_3_Right,0xCC
Hoe_Charge_4_Down,0xCD
Hoe_Charge_4_Base,0xCE
Hoe_Charge_4_Left,0xCF
Hoe_Charge_4_Right,0xD0
Hoe_Charge_5_Down,0xD1
Hoe_Charge_5_Base,0xD2
Hoe_Charge_5_Left,0xD3
Hoe_Charge_5_Right,0xD4
Hoe_Charge_6_Down,0xD5
Hoe_Charge_6_Base,0xD6
Hoe_Charge_6_Left,0xD7
Hoe_Charge_6_Right,0xD8
Hoe_Charge_7_Down,0xD9
Hoe_Charge_7_Base,0xDA
Hoe_Charge_7_Left,0xDB
Hoe_Charge_7_Right,0xDC
Hoe_Normal_Use_Down,0xDD
Hoe_Normal_Use_Base,0xDE
Hoe_Normal_Use_Left,0xDF
Hoe_Normal_Use_Right,0xE0
Riding_Horse_Fast_Down,0xE1
Riding_Horse_Fast_Base,0xE2
Riding_Horse_Fast_Left,0xE3
Riding_Horse_Fast_Right,0xE4
Riding_Horse_Slow_Down,0xE5
Riding_Horse_Slow_Base,0xE6
Riding_Horse_Slow_Left,0xE7
Riding_Horse_Slow_Right,0xE8
Riding_Horse_Stop_Down,0xE9
Riding_Horse_Stop_Base,0xEA
Riding_Horse_Stop_Left,0xEB
Riding_Horse_Stop_Right,0xEC
Riding_Horse_Walk_Down,0xED
Riding_Horse_Walk_Base,0xEE
Riding_Horse_Walk_Left,0xEF
Riding_Horse_Walk_Right,0xF0
Hot_Spring_Bath_1,0xF1
Hot_Spring_Bath_2,0xF2
Hot_Spring_Bath_3,0xF3
Hot_Spring_Bath_4,0xF4
Hot_Spring_Sleep_1,0xF5
Hot_Spring_Sleep_2,0xF6
Hot_Spring_Sleep_3,0xF7
Hot_Spring_Sleep_4,0xF8
Player_Over_Work_1,0xF9
Player_Over_Work_2,0xFA
Player_Over_Work_3,0xFB
Player_Over_Work_4,0xFC
Player_Over_Work_Sit_1,0xFD
Player_Over_Work_Sit_2,0xFE
Player_Over_Work_Sit_3,0xFF
Player_Over_Work_Sit_4,0x100
Player_Back_Hurt_1,0x101
Player_Back_Hurt_2,0x102
Player_Back_Hurt_3,0x103
Player_Back_Hurt_4,0x104
Player_Sweaty_1,0x105
Player_Sweaty_2,0x106
Player_Sweaty_3,0x107
Player_Sweaty_4,0x108
Player_Middle_Jump_Down,0x109
Player_Middle_Jump_Base,0x10A
Player_Middle_Jump_Left,0x10B
Player_Middle_Jump_Right,0x10C
Player_High_Jump_Down,0x10D
Player_High_Jump_Base,0x10E
Player_High_Jump_Left,0x10F
Player_High_Jump_Right,0x110
Player_Sleep_In_Floor_1,0x111
Player_Sleep_In_Floor_2,0x112
Player_Sleep_In_Floor_3,0x113
Player_Sleep_In_Floor_4,0x114
Player_Wake_Down_In_Floor_1,0x115
Player_Wake_Down_In_Floor_2,0x116
Player_Wake_Down_In_Floor_3,0x117
Player_Wake_Down_In_Floor_4,0x118
Player_OverWork_B_1,0x119
Player_OverWork_B_2,0x11A
Player_OverWork_B_3,0x11B
Player_OverWork_B_4,0x11C
Player_Colapse_Head_Hurt_1,0x11D
Player_Colapse_Head_Hurt_2,0x11E
Player_Colapse_Head_Hurt_3,0x11F
Player_Colapse_Head_Hurt_4,0x120
Player_Head_Hurt_1,0x121
Player_Head_Hurt_2,0x122
Player_Head_Hurt_3,0x123
Player_Head_Hurt_4,0x124
Player_Head_No_Down,0x125
Player_Head_No_Base,0x126
Player_Head_No_Left,0x127
Player_Head_No_Right,0x128
Hot_Spring_Enter_1,0x129
Hot_Spring_Enter_2,0x12A
Hot_Spring_Enter_3,0x12B
Hot_Spring_Enter_4,0x12C
Player_Ocarine_1,0x12D
Player_Ocarine_2,0x12E
Player_Ocarine_3,0x12F
Player_Ocarine_4,0x130
Player_Move_Animal_Down,0x131
Player_Move_Animal_Base,0x132
Player_Move_Animal_Left,0x133
Player_Move_Animal_Right,0x134
Player_Move_Animal_Stop_Down,0x135
Player_Move_Animal_Stop_Base,0x136
Player_Move_Animal_Stop_Left,0x137
Player_Move_Animal_Stop_Right,0x138
Player_Ruckstar_Deposit_Down,0x139
Player_Ruckstar_Deposit_Base,0x13A
Player_Ruckstar_Deposit_Left,0x13B
Player_Ruckstar_Deposit_Right,0x13C
Player_Ruckstar_Withdraw_Down,0x13D
Player_Ruckstar_Withdraw_Base,0x13E
Player_Ruckstar_Withdraw_Left,0x13F
Player_Ruckstar_Withdraw_Right,0x140
Ruckstar_Withdraw_2_Down,0x141
Ruckstar_Withdraw_2_Base,0x142
Ruckstar_Withdraw_2_Left,0x143
Ruckstar_Withdraw_2_Right,0x144
Player_Hands_Middle_Stop_Down,0x145
Player_Hands_Middle_Stop_Base,0x146
Player_Hands_Middle_Stop_Left,0x147
Player_Hands_Middle_Stop_Right,0x148
Player_Bed_Jump_Down,0x149
Player_Bed_Jump_Base,0x14A
Player_Bed_Jump_Left,0x14B
Player_Bed_Jump_Right,0x14C
Player_Item_Hands_Run_Down,0x14D
Player_Item_Hands_Run_Base,0x14E
Player_Item_Hands_Run_Left,0x14F
Player_Item_Hands_Run_Right,0x150
Player_Item_Hands_Stop_Down,0x151
Player_Item_Hands_Stop_Base,0x152
Player_Item_Hands_Stop_Left,0x153
Player_Item_Hands_Stop_Right,0x154
Player_Item_Hands_Walk_Down,0x155
Player_Item_Hands_Walk_Base,0x156
Player_Item_Hands_Walk_Left,0x157
Player_Item_Hands_Walk_Right,0x158
Player_Down_To_Horse_B_Down,0x159
Player_Down_To_Horse_B_Base,0x15A
Player_Down_To_Horse_B_Left,0x15B
Player_Down_To_Horse_B_Right,0x15C
Player_Run_Down,0x15D
Player_Run_Base,0x15E
Player_Run_Left,0x15F
Player_Run_Right,0x160
Shadow_Anim_1,0x161
Shadow_Anim_2,0x162
Shadow_Anim_3,0x163
Shadow_Anim_4,0x164
Sickle_Charge_1_Down,0x165
Sickle_Charge_1_Base,0x166
Sickle_Charge_1_Left,0x167
Sickle_Charge_1_Right,0x168
Sickle_Charge_2_Down,0x169
Sickle_Charge_2_Base,0x16A
Sickle_Charge_2_Left,0x16B
Sickle_Charge_2_Right,0x16C
Sickle_Charge_3_Down,0x16D
Sickle_Charge_3_Base,0x16E
Sickle_Charge_3_Left,0x16F
Sickle_Charge_3_Right,0x170
Sickle_Charge_4_Down,0x171
Sickle_Charge_4_Base,0x172
Sickle_Charge_4_Left,0x173
Sickle_Charge_4_Right,0x174
Sickle_Charge_5_Down,0x175
Sickle_Charge_5_Base,0x176
Sickle_Charge_5_Left,0x177
Sickle_Charge_5_Right,0x178
Sickle_Charge_6_Down,0x179
Sickle_Charge_6_Base,0x17A
Sickle_Charge_6_Left,0x17B
Sickle_Charge_6_Right,0x17C
Sickle_Charge_7_Down,0x17D
Sickle_Charge_7_Base,0x17E
Sickle_Charge_7_Left,0x17F
Sickle_Charge_7_Right,0x180
Sickle_Charged_Use_Down,0x181
Sickle_Charged_Use_Base,0x182
Sickle_Charged_Use_Left,0x183
Sickle_Charged_Use_Right,0x184
Sickle_Midle_Charge_Use_Down,0x185
Sickle_Midle_Charge_Use_Base,0x186
Sickle_Midle_Charge_Use_Left,0x187
Sickle_Midle_Charge_Use_Right,0x188
Sickle_Normal_Use_Down,0x189
Sickle_Normal_Use_Base,0x18A
Sickle_Normal_Use_Left,0x18B
Sickle_Normal_Use_Right,0x18C
Shadwow_AnimB_1,0x18D
Shadwow_AnimB_2,0x18E
Shadwow_AnimB_3,0x18F
Shadwow_AnimB_4,0x190
Player_Stop_Down,0x191
Player_Stop_Base,0x192
Player_Stop_Left,0x193
Player_Stop_Right,0x194
Player_Turn_To_Sleep_In_Floor_1,0x195
Player_Turn_To_Sleep_In_Floor_2,0x196
Player_Turn_To_Sleep_In_Floor_3,0x197
Player_Turn_To_Sleep_In_Floor_4,0x198
Player_Rise_Hand_1,0x199
Player_Rise_Hand_2,0x19A
Player_Rise_Hand_3,0x19B
Player_Rise_Hand_4,0x19C
Player_Middle_Hand_StopB_1,0x19D
Player_Middle_Hand_StopB_2,0x19E
Player_Middle_Hand_StopB_3,0x19F
Player_Middle_Hand_StopB_4,0x1A0
Player_Animal_Medicine_Use_Down,0x1A1
Player_Animal_Medicine_Use_Base,0x1A2
Player_Animal_Medicine_Use_Left,0x1A3
Player_Animal_Medicine_Use_Right,0x1A4
Player_Bell_Use_Down,0x1A5
Player_Bell_Use_Base,0x1A6
Player_Bell_Use_Left,0x1A7
Player_Bell_Use_Right,0x1A8
Player_Brush_Use_Down,0x1A9
Player_Brush_Use_Base,0x1AA
Player_Brush_Use_Left,0x1AB
Player_Brush_Use_Right,0x1AC
Player_Sheep_Miracle_Potion_Down,0x1AD
Player_Sheep_Miracle_Potion_Base,0x1AE
Player_Sheep_Miracle_Potion_Left,0x1AF
Player_Sheep_Miracle_Potion_Right,0x1B0
Player_Sicksors_Use_Down,0x1B1
Player_Sicksors_Use_Base,0x1B2
Player_Sicksors_Use_Left,0x1B3
Player_Sicksors_Use_Right,0x1B4
Player_Milkker_Use_Down,0x1B5
Player_Milkker_Use_Base,0x1B6
Player_Milkker_Use_Left,0x1B7
Player_Milkker_Use_Right,0x1B8
Player_Seed_Use_Down,0x1B9
Player_Seed_Use_Base,0x1BA
Player_Seed_Use_Left,0x1BB
Player_Seed_Use_Right,0x1BC
Player_Cow_Miracle_Potion_Down,0x1BD
Player_Cow_Miracle_Potion_Base,0x1BE
Player_Cow_Miracle_Potion_Left,0x1BF
Player_Cow_Miracle_Potion_Right,0x1C0
Player_happy_Jump_1,0x1C1
Player_happy_Jump_2,0x1C2
Player_happy_Jump_3,0x1C3
Player_happy_Jump_4,0x1C4
Player_Walking_Down,0x1C5
Player_Walking_Base,0x1C6
Player_Walking_Left,0x1C7
Player_Walking_Right,0x1C8
Player_Lift_Crop_Down,0x1C9
Player_Lift_Crop_Base,0x1CA
Player_Lift_Crop_Left,0x1CB
Player_Lift_Crop_Right,0x1CC
Player_Watering_Can_Charge_1_Down,0x1CD
Player_Watering_Can_Charge_1_Base,0x1CE
Player_Watering_Can_Charge_1_Left,0x1CF
Player_Watering_Can_Charge_1_Right,0x1D0
Player_Watering_Can_Charge_2_Down,0x1D1
Player_Watering_Can_Charge_2_Base,0x1D2
Player_Watering_Can_Charge_2_Left,0x1D3
Player_Watering_Can_Charge_2_Right,0x1D4
Player_Watering_Can_Charge_3_Down,0x1D5
Player_Watering_Can_Charge_3_Base,0x1D6
Player_Watering_Can_Charge_3_Left,0x1D7
Player_Watering_Can_Charge_3_Right,0x1D8
Player_Watering_Can_Charge_4_Down,0x1D9
Player_Watering_Can_Charge_4_Base,0x1DA
Player_Watering_Can_Charge_4_Left,0x1DB
Player_Watering_Can_Charge_4_Right,0x1DC
Player_Watering_Can_Charge_5_Down,0x1DD
Player_Watering_Can_Charge_5_Base,0x1DE
Player_Watering_Can_Charge_5_Left,0x1DF
Player_Watering_Can_Charge_5_Right,0x1E0
Player_Watering_Can_Charge_6_Down,0x1E1
Player_Watering_Can_Charge_6_Base,0x1E2
Player_Watering_Can_Charge_6_Left,0x1E3
Player_Watering_Can_Charge_6_Right,0x1E4
Player_Watering_Can_Charge_7_Down,0x1E5
Player_Watering_Can_Charge_7_Base,0x1E6
Player_Watering_Can_Charge_7_Left,0x1E7
Player_Watering_Can_Charge_7_Right,0x1E8
Player_Watering_Can_Refill_Down,0x1E9
Player_Watering_Can_Refill_Base,0x1EA
Player_Watering_Can_Refill_Left,0x1EB
Player_Watering_Can_Refill_Right,0x1EC
Player_Watering_Can_Use_down,0x1ED
Player_Watering_Can_Use_Base,0x1EE
Player_Watering_Can_Use_Left,0x1EF
Player_Watering_Can_Use_Right,0x1F0
Player_Watering_Can_Charged_Use_Down,0x1F1
Player_Watering_Can_Charged_Use_Base,0x1F2
Player_Watering_Can_Charged_Use_Left,0x1F3
Player_Watering_Can_Charged_Use_Right,0x1F4
Player_Wathering_Can_Middle_Charged_Use_Down,0x1F5
Player_Wathering_Can_Middle_Charged_Use_Base,0x1F6
Player_Wathering_Can_Middle_Charged_Use_Left,0x1F7
Player_Wathering_Can_Middle_Charged_Use_Right,0x1F8
Player_Whistling_Down,0x1F9
Player_Whistling_Base,0x1FA
Player_Whistling_Left,0x1FB
Player_Whistling_Right,0x1FC
Player_See_Down,0x1FD
Player_See_Base,0x1FE
Player_See_Left,0x1FF
Player_See_Right,0x200
Buttefly_Down,0x201
Buttefly_Base,0x202
Buttefly_Left,0x203
Buttefly_Right,0x204
Butterfly_Stop,0x205
Cat_Stop_Down,0x206
Cat_Stop_Base,0x207
Cat_Stop_Left,0x208
Cat_Stop_Right,0x209
Cat_Walking_Down,0x20A
Cat_Walking_Base,0x20B
Cat_Walking_Left,0x20C
Cat_Walking_Right,0x20D
Cat_Cleaning_1,0x20E
Cat_Cleaning_2,0x20F
Cat_Cleaning_3,0x210
Cat_Cleaning_4,0x211
Rick_Stop_Down,0x212
Rick_Stop_Base,0x213
Rick_Stop_Left,0x214
Rick_Stop_Right,0x215
Rick_Walking_Down,0x216
Rick_Walking_Base,0x217
Rick_Walking_Left,0x218
Rick_Walking_Right,0x219
Rick_Hands_Middle_Down,0x21A
Rick_Hands_Middle_Base,0x21B
Rick_Hands_Middle_Left,0x21C
Rick_Hands_Middle_Right,0x21D
Rick_Hands_Middle2_Down,0x21E
Rick_Hands_Middle2_Base,0x21F
Rick_Hands_Middle2_Left,0x220
Rick_Hands_Middle2_Right,0x221
Rick_Weeding_Stop_Down,0x222
Rick_Weeding_Stop_Base,0x223
Rick_Weeding_Stop_Left,0x224
Rick_Weeding_Stop_Right,0x225
Rick_Weeding_Walking_Down,0x226
Rick_Weeding_Walking_Base,0x227
Rick_Weeding_Walking_Left,0x228
Rick_Weeding_Walking_Right,0x229
Rick_Weeding_Kiss_1,0x22A
Rick_Weeding_Kiss_2,0x22B
Rick_Weeding_Kiss_3,0x22C
Rick_Weeding_Kiss_4,0x22D
Popuri_Stop_Down,0x22E
Popuri_Stop_Base,0x22F
Popuri_Stop_Left,0x230
Popuri_Stop_Right,0x231
Popuri_Walking_Down,0x232
Popuri_Walking_Base,0x233
Popuri_Walking_Left,0x234
Popuri_Walking_Right,0x235
Popuri_Hands_Middle_Down,0x236
Popuri_Hands_Middle_Base,0x237
Popuri_Hands_Middle_Left,0x238
Popuri_Hands_Middle_Right,0x239
Popuri_Hands_Middle2_Down,0x23A
Popuri_Hands_Middle2_Base,0x23B
Popuri_Hands_Middle2_Left,0x23C
Popuri_Hands_Middle2_Right,0x23D
Shadwo_Anim_5,0x23E
Shadwo_Anim_6,0x23F
Shadwo_Anim_7,0x240
Shadwo_Anim_8,0x241
Shadwo_AnimB_5,0x242
Shadwo_AnimB_6,0x243
Shadwo_AnimB_7,0x244
Shadwo_AnimB_8,0x245
Popuri_Child_Stop_Down,0x246
Popuri_Child_Stop_Base,0x247
Popuri_Child_Stop_Left,0x248
Popuri_Child_Stop_Right,0x249
Popuri_Child_Walking_Down,0x24A
Popuri_Child_Walking_Base,0x24B
Popuri_Child_Walking_Left,0x24C
Popuri_Child_Walking_Right,0x24D
Popuri_Weeding_Stop_Down,0x24E
Popuri_Weeding_Stop_Base,0x24F
Popuri_Weeding_Stop_Left,0x250
Popuri_Weeding_Stop_Right,0x251
Popuri_Weeding_Walking_Down,0x252
Popuri_Weeding_Walking_Base,0x253
Popuri_Weeding_Walking_Left,0x254
Popuri_Weeding_Walking_Right,0x255
Popuri_Weeding_Kiss_1,0x256
Popuri_Weeding_Kiss_2,0x257
Popuri_Weeding_Kiss_3,0x258
Popuri_Weeding_Kiss_4,0x259
Shadwo_AnimB_9,0x25A
Shadwo_AnimB_10,0x25B
Shadwo_AnimB_11,0x25C
Shadwo_AnimB_12,0x25D
Lilia_Stop_Down,0x25E
Lilia_Stop_Base,0x25F
Lilia_Stop_Left,0x260
Lilia_Stop_Right,0x261
Lilia_Walking_Down,0x262
Lilia_Walking_Base,0x263
Lilia_Walking_Left,0x264
Lilia_Walking_Right,0x265
Baby_Stop_Down,0x266
Baby_Stop_Base,0x267
Baby_Stop_Left,0x268
Baby_Stop_Right,0x269
Baby_Sit_Down,0x26A
Baby_Sit_Base,0x26B
Baby_Sit_Left,0x26C
Baby_Sit_Right,0x26D
Baby_Walking_Down,0x26E
Baby_Walking_Base,0x26F
Baby_Walking_Left,0x270
Baby_Walking_Right,0x271
Baby_Crawling_Down,0x272
Baby_Crawling_Base,0x273
Baby_Crawling_Left,0x274
Baby_Crawling_Right,0x275
Shadwo_AnimB_13,0x276
Shadwo_AnimB_14,0x277
Shadwo_AnimB_15,0x278
Shadwo_AnimB_16,0x279
Clif_Stop_Down,0x27A
Clif_Stop_Base,0x27B
Clif_Stop_Left,0x27C
Clif_Stop_Right,0x27D
Clif_Walking_Down,0x27E
Clif_Walking_Base,0x27F
Clif_Walking_Left,0x280
Clif_Walking_Right,0x281
Clif_Hands_Middle_1_Down,0x282
Clif_Hands_Middle_1_Base,0x283
Clif_Hands_Middle_1_Left,0x284
Clif_Hands_Middle_1_Right,0x285
Clif_Weeding_Stop_Down,0x286
Clif_Weeding_Stop_Base,0x287
Clif_Weeding_Stop_Left,0x288
Clif_Weeding_Stop_Right,0x289
Cliff_Weeding_Walking_Down,0x28A
Cliff_Weeding_Walking_Base,0x28B
Cliff_Weeding_Walking_Left,0x28C
Cliff_Weeding_Walking_Right,0x28D
Cliff_Weeding_Kiss_1,0x28E
Cliff_Weeding_Kiss_2,0x28F
Cliff_Weeding_Kiss_3,0x290
Cliff_Weeding_Kiss_4,0x291
Shadwo_AnimB_17,0x292
Shadwo_AnimB_18,0x293
Shadwo_AnimB_19,0x294
Shadwo_AnimB_20,0x295
Shadwo_AnimC_1,0x296
Shadwo_AnimC_2,0x297
Shadwo_AnimC_3,0x298
Shadwo_AnimC_4,0x299
Clif_Faint_1,0x29A
Clif_Faint_2,0x29B
Clif_Faint_3,0x29C
Clif_Faint_4,0x29D
Shadwo_AnimC_5,0x29E
Shadwo_AnimC_6,0x29F
Shadwo_AnimC_7,0x2A0
Shadwo_AnimC_8,0x2A1
Cicada_Flashing_1,0x2A2
Cicada_Flashing_2,0x2A3
Cicada_Flashing_3,0x2A4
Cicada_Flashing_4,0x2A5
Cicada_Fliying_1,0x2A6
Cicada_Fliying_2,0x2A7
Cicada_Fliying_3,0x2A8
Cicada_Fliying_4,0x2A9
Cicada_Stop,0x2AA
Cow1_Stop_Down,0x2AB
Cow1_Stop_Base,0x2AC
Cow1_Stop_Left,0x2AD
Cow1_Stop_Right,0x2AE
Cow1_Walking_Down,0x2AF
Cow1_Walking_Base,0x2B0
Cow1_Walking_Left,0x2B1
Cow1_Walking_Right,0x2B2
Cow1_Eating_Down,0x2B3
Cow1_Eating_Base,0x2B4
Cow1_Eating_Left,0x2B5
Cow1_Eating_Right,0x2B6
Cow1_Sleep_Down,0x2B7
Cow1_Sleep_Base,0x2B8
Cow1_Sleep_Left,0x2B9
Cow1_Sleep_Right,0x2BA
Cow1_Deep_Sleep_Down,0x2BB
Cow1_Deep_Sleep_Base,0x2BC
Cow1_Deep_Sleep_Left,0x2BD
Cow1_Deep_Sleep_Right,0x2BE
Cow1_Happy_Down,0x2BF
Cow1_Happy_Base,0x2C0
Cow1_Happy_Left,0x2C1
Cow1_Happy_Right,0x2C2
Cow2_Stop_Down,0x2C3
Cow2_Stop_Base,0x2C4
Cow2_Stop_Left,0x2C5
Cow2_Stop_Right,0x2C6
Cow2_Walking_Down,0x2CB
Cow2_Walking_Base,0x2CC
Cow2_Walking_Left,0x2CD
Cow2_Walking_Right,0x2CE
Cow2_Eating_Down,0x2CF
Cow2_Eating_Base,0x2D0
Cow2_Eating_Left,0x2D1
Cow2_Eating_Right,0x2D2
Cow2_Sleep_Down,0x2D3
Cow2_Sleep_Base,0x2D4
Cow2_Sleep_Left,0x2D5
Cow2_Sleep_Right,0x2D6
Cow2_Deep_Sleep_Down,0x2D7
Cow2_Deep_Sleep_Base,0x2D8
Cow2_Deep_Sleep_Left,0x2D9
Cow2_Deep_Sleep_Right,0x2DA
Cow2_Happy_Down,0x2DB
Cow2_Happy_Base,0x2DC
Cow2_Happy_Left,0x2DD
Cow2_Happy_Right,0x2DE
Cow3_Stop_Down,0x2DF
Cow3_Stop_Base,0x2E0
Cow3_Stop_Left,0x2E1
Cow3_Stop_Right,0x2E2
Cow3_Walking_Down,0x2E3
Cow3_Walking_Base,0x2E4
Cow3_Walking_Left,0x2E5
Cow3_Walking_Right,0x2E6
Cow3_Eating_Down,0x2E7
Cow3_Eating_Base,0x2E8
Cow3_Eating_Left,0x2E9
Cow3_Eating_Right,0x2EA
Cow3_Sleep_Down,0x2EB
Cow3_Sleep_Base,0x2EC
Cow3_Sleep_Left,0x2ED
Cow3_Sleep_Right,0x2EE
Cow3_Deep_Sleep_Down,0x2EF
Cow3_Deep_Sleep_Base,0x2F0
Cow3_Deep_Sleep_Left,0x2F1
Cow3_Deep_Sleep_Right,0x2F2
Cow3_Happy_Down,0x2F3
Cow3_Happy_Base,0x2F4
Cow3_Happy_Left,0x2F5
Cow3_Happy_Right,0x2F6
Coww_Happy?_Down,0x2F7
Coww_Happy?_Base,0x2F8
Coww_Happy?_Left,0x2F9
Coww_Happy?_Right,0x2FA
Cow_Baby_Stop_Down,0x2FB
Cow_Baby_Stop_Base,0x2FC
Cow_Baby_Stop_Left,0x2FD
Cow_Baby_Stop_Right,0x2FE
Cow_Baby_Walking_Down,0x2FF
Cow_Baby_Walking_Base,0x300
Cow_Baby_Walking_Left,0x301
Cow_Baby_Walking_Right,0x302
Cow_Baby_Eating_Down,0x303
Cow_Baby_Eating_Base,0x304
Cow_Baby_Eating_Left,0x305
Cow_Baby_Eating_Right,0x306
Cow_Baby_Sleep_Down,0x307
Cow_Baby_Sleep_Base,0x308
Cow_Baby_Sleep_Left,0x309
Cow_Baby_Sleep_Right,0x30A
Cow_Baby_Deep_Sleep_Down,0x30B
Cow_Baby_Deep_Sleep_Base,0x30C
Cow_Baby_Deep_Sleep_Left,0x30D
Cow_Baby_Deep_Sleep_Right,0x30E
Cow_Baby_Happy_Down,0x30F
Cow_Baby_Happy_Base,0x310
Cow_Baby_Happy_Left,0x311
Cow_Baby_Happy_Right,0x312
Cow_Baby_Happy_Down2,0x313
Cow_Baby_Happy_Up2,0x314
Cow_Baby_Happy_Left2,0x315
Cow_Baby_Happy_Right2,0x316
Zack_Stop_Down,0x317
Zack_Stop_Base,0x318
Zack_Stop_Left,0x319
Zack_Stop_Right,0x31A
Zack_Walking_Down,0x31B
Zack_Walking_Base,0x31C
Zack_Walking_Left,0x31D
Doctor_Stop_Down,0x31E
Doctor_Stop_Base,0x31F
Doctor_Stop_Left,0x320
Doctor_Stop_Right,0x321
Doctor_Walking_Down,0x322
Doctor_Walking_Base,0x323
Doctor_Walking_Left,0x324
Doctor_Walking_Right,0x325
Doctor_Hands_Middle_1_Down,0x326
Doctor_Hands_Middle_1_Base,0x327
Doctor_Hands_Middle_1_Left,0x328
Doctor_Hands_Middle_1_Right,0x329
Doctor_Weeding_Stop_Down,0x32A
Doctor_Weeding_Stop_Base,0x32B
Doctor_Weeding_Stop_Left,0x32C
Doctor_Weeding_Stop_Right,0x32D
Doctor_Weeding_Walking_Down,0x32E
Doctor_Weeding_Walking_Base,0x32F
Doctor_Weeding_Walking_Left,0x330
Doctor_Weeding_Walking_Right,0x331
Doctor_Weeding_Kiss_1,0x332
Doctor_Weeding_Kiss_2,0x333
Doctor_Weeding_Kiss_3,0x334
Doctor_Weeding_Kiss_4,0x335
Dog_Stop_Down,0x336
Dog_Stop_Base,0x337
Dog_Stop_Left,0x338
Dog_Stop_Right,0x339
Dog_Walking_Down,0x33A
Dog_Walking_Base,0x33B
Dog_Walking_Left,0x33C
Dog_Walking_Right,0x33D
Dog_Running_Down,0x33E
Dog_Running_Base,0x33F
Dog_Running_Left,0x340
Dog_Running_Right,0x341
Dog_Eating_Down,0x342
Dog_Eating_Base,0x343
Dog_Eating_Left,0x344
Dog_Eating_Right,0x345
Dog_Stop_Happy_Down,0x346
Dog_Stop_Happy_Base,0x347
Dog_Stop_Happy_Left,0x348
Dog_Stop_Happy_Right,0x349
Dog_Sitting_Down,0x34A
Dog_Sitting_Base,0x34B
Dog_Sitting_Left,0x34C
Dog_Sitting_Right,0x34D
Dog_Scratching_Down,0x34E
Dog_Scratching_Base,0x34F
Dog_Scratching_Left,0x350
Dog_Scratching_Right,0x351
Dog_Sleeping_Down,0x352
Dog_Sleeping_Base,0x353
Dog_Sleeping_Left,0x354
Dog_Sleeping_Right,0x355
Dog_Deep_Sleeping_Down,0x356
Dog_Deep_Sleeping_Base,0x357
Dog_Deep_Sleeping_Left,0x358
Dog_Deep_Sleeping_Right,0x359
Dog_Side_Belly_Down,0x35A
Dog_Side_Belly_Base,0x35B
Dog_Side_Belly_Left,0x35C
Dog_Side_Belly_Right,0x35D
Dog_Belly_Up_1,0x35E
Dog_Belly_Up_2,0x35F
Dog_Belly_Up_3,0x360
Dog_Belly_Up_4,0x361
Dog_Jump1_Down,0x362
Dog_Jump1_Base,0x363
Dog_Jump1_Left,0x364
Dog_Jump1_Right,0x365
Dog_Jump2_Down,0x366
Dog_Jump2_Base,0x367
Dog_Jump2_Left,0x368
Dog_Jump2_Right,0x369
Dog_Jump3_Down,0x36A
Dog_Jump3_Base,0x36B
Dog_Jump3_Left,0x36C
Dog_Jump3_Right,0x36D
Dog_Barking_Down,0x36E
Dog_Barking_Base,0x36F
Dog_Barking_Left,0x370
Dog_Barking_Right,0x371
Dog_Left_Sit,0x372
Dog_Jumping_Happy_Down,0x373
Dog_Jumping_Happy_Base,0x374
Dog_Jumping_Happy_Left,0x375
Dog_Jumping_Happy_Right,0x376
Other_Dog_1_Stop_Down,0x377
Other_Dog_1_Stop_Base,0x378
Other_Dog_1_Stop_Left,0x379
Other_Dog_1_Stop_Right,0x37A
Other_Dog_1_Walking_Down,0x37B
Other_Dog_1_Walking_Base,0x37C
Other_Dog_1_Walking_Left,0x37D
Other_Dog_1_Walking_Right,0x37E
Other_Dog_1_Running_Down,0x37F
Other_Dog_1_Running_Base,0x380
Other_Dog_1_Running_Left,0x381
Other_Dog_1_Running_Right,0x382
Other_Dog_1_Eating_Down,0x383
Other_Dog_1_Eating_Base,0x384
Other_Dog_1_Eating_Left,0x385
Other_Dog_1_Eating_Right,0x386
Other_Dog_1_Happy_Down,0x387
Other_Dog_1_Happy_Base,0x388
Other_Dog_1_Happy_Left,0x389
Other_Dog_1_Happy_Right,0x38A
Other_Dog_1_Sit_Down,0x38B
Other_Dog_1_Sit_Base,0x38C
Other_Dog_1_Sit_Left,0x38D
Other_Dog_1_Sit_Right,0x38E
Other_Dog_1_Scratching_Down,0x38F
Other_Dog_1_Scratching_Base,0x390
Other_Dog_1_Scratching_Left,0x391
Other_Dog_1_Scratching_Right,0x392
Other_Dog_1_Sleeping_Down,0x393
Other_Dog_1_Sleeping_Base,0x394
Other_Dog_1_Sleeping_Left,0x395
Other_Dog_1_Sleeping_Right,0x396
Other_Dog_1_Deep_Sleeping_Down,0x397
Other_Dog_1_Deep_Sleeping_Base,0x398
Other_Dog_1_Deep_Sleeping_Left,0x399
Other_Dog_1_Deep_Sleeping_Right,0x39A
Other_Dog_1_Belly_Down,0x39B
Other_Dog_1_Belly_Base,0x39C
Other_Dog_1_Belly_Left,0x39D
Other_Dog_1_Belly_Right,0x39E
Other_Dog_1_Belly_Up_Down,0x39F
Other_Dog_1_Belly_Up_Base,0x3A0
Other_Dog_1_Belly_Up_Left,0x3A1
Other_Dog_1_Belly_Up_Right,0x3A2
Other_Dog_1_Barking_Down,0x3A3
Other_Dog_1_Barking_Base,0x3A4
Other_Dog_1_Barking_Left,0x3A5
Other_Dog_1_Barking_Right,0x3A6
Other_Dog_1_Sit,0x3A7
Other_Dog_1_Happy_Jumping_Down,0x3A8
Other_Dog_1_Happy_Jumping_Base,0x3A9
Other_Dog_1_Happy_Jumping_Left,0x3AA
Other_Dog_1_Happy_Jumping_Right,0x3AB
Baby_Dog_Stop_Down,0x3AC
Baby_Dog_Stop_Base,0x3AD
Baby_Dog_Stop_Left,0x3AE
Baby_Dog_Stop_Right,0x3AF
Baby_Dog_Running_Down,0x3B0
Baby_Dog_Running_Base,0x3B1
Baby_Dog_Running_Left,0x3B2
Baby_Dog_Running_Right,0x3B3
Baby_Dog_Walking_Down,0x3B4
Baby_Dog_Walking_Base,0x3B5
Baby_Dog_Walking_Left,0x3B6
Baby_Dog_Walking_Right,0x3B7
Baby_Dog_Eating_Down,0x3B8
Baby_Dog_Eating_Base,0x3B9
Baby_Dog_Eating_Left,0x3BA
Baby_Dog_Eating_Right,0x3BB
Baby_Dog_Happy_Down,0x3BC
Baby_Dog_Happy_Base,0x3BD
Baby_Dog_Happy_Left,0x3BE
Baby_Dog_Happy_Right,0x3BF
Baby_Dog_Sit_Down,0x3C0
Baby_Dog_Sit_Base,0x3C1
Baby_Dog_Sit_Left,0x3C2
Baby_Dog_Sit_Right,0x3C3
Baby_Dog_Scratching_Down,0x3C4
Baby_Dog_Scratching_Base,0x3C5
Baby_Dog_Scratching_Left,0x3C6
Baby_Dog_Scratching_Right,0x3C7
Baby_Dog_Sleeping_Down,0x3C8
Baby_Dog_Sleeping_Base,0x3C9
Baby_Dog_Sleeping_Left,0x3CA
Baby_Dog_Sleeping_Right,0x3CB
Baby_Dog_Deep_Sleeping_Down,0x3CC
Baby_Dog_Deep_Sleeping_Base,0x3CD
Baby_Dog_Deep_Sleeping_Left,0x3CE
Baby_Dog_Deep_Sleeping_Right,0x3CF
Baby_Dog_Belly_Down,0x3D0
Baby_Dog_Belly_Base,0x3D1
Baby_Dog_Belly_Left,0x3D2
Baby_Dog_Belly_Right,0x3D3
Baby_Dog_Belly_Up_Down,0x3D4
Baby_Dog_Belly_Up_Base,0x3D5
Baby_Dog_Belly_Up_Left,0x3D6
Baby_Dog_Belly_Up_Right,0x3D7
Baby_Dog_Barking_Down,0x3D8
Baby_Dog_Barking_Base,0x3D9
Baby_Dog_Barking_Left,0x3DA
Baby_Dog_Barking_Right,0x3DB
Baby_Dog_Sit,0x3DC
Dragon_Fly_Down,0x3DD
Dragon_Fly_Base,0x3DE
Dragon_Fly_Left,0x3DF
Dragon_Fly_Right,0x3E0
Dragon_Fly_Stop,0x3E1
Staid_Stop_Down,0x3E2
Staid_Stop_Base,0x3E3
Staid_Stop_Left,0x3E4
Staid_Stop_Right,0x3E5
Staid_Walking_Down,0x3E6
Staid_Walking_Base,0x3E7
Staid_Walking_Left,0x3E8
Staid_Walking_Right,0x3E9
Staid_Sleeping_Down,0x3EA
Staid_Sleeping_Base,0x3EB
Staid_Sleeping_Left,0x3EC
Staid_Sleeping_Right,0x3ED
Staid_Singing_Down,0x3EE
Staid_Singing_Base,0x3EF
Staid_Singing_Left,0x3F0
Staid_Singing_Right,0x3F1
Staid_Stop_Down,0x3F2
Staid_Stop_Base,0x3F3
Staid_Stop_Left,0x3F4
Staid_Stop_Right,0x3F5
Staid_Crop_Lift_1_Down,0x3F6
Staid_Crop_Lift_1_Base,0x3F7
Staid_Crop_Lift_1_Left,0x3F8
Staid_Crop_Lift_1_Right,0x3F9
Staid_Crop_Lift_2_Down,0x3FA
Staid_Crop_Lift_2_Base,0x3FB
Staid_Crop_Lift_2_Left,0x3FC
Staid_Crop_Lift_2_Right,0x3FD
Staid_Crop_Lift_3_Down,0x3FE
Staid_Crop_Lift_3_Base,0x3FF
Staid_Crop_Lift_3_Left,0x400
Staid_Crop_Lift_3_Right,0x401
Staid_Crop_Lift_Mistake_Down,0x402
Staid_Crop_Lift_Mistake_Base,0x403
Staid_Crop_Lift_Mistake_Left,0x404
Staid_Crop_Lift_Mistake_Right,0x405
Staid_Crop_Lift_Broken_Mistake_Down,0x406
Staid_Crop_Lift_Broken_Mistake_Base,0x407
Staid_Crop_Lift_Broken_Mistake_Left,0x408
Staid_Crop_Lift_Broken_Mistake_Right,0x409
Staid_Crop_Pull_Overload_Down,0x40A
Staid_Crop_Pull_Overload_Base,0x40B
Staid_Crop_Pull_Overload_Left,0x40C
Staid_Crop_Pull_Overload_Right,0x40D
Staid_Crop_Pull_Stuck_Down,0x40E
Staid_Crop_Pull_Stuck_Base,0x40F
Staid_Crop_Pull_Stuck_Left,0x410
Staid_Crop_Pull_Stuck_Right,0x411
Staid_Crop_Pull1_Down,0x412
Staid_Crop_Pull1_Base,0x413
Staid_Crop_Pull1_Left,0x414
Staid_Crop_Pull1_Right,0x415
Staid_Crop_Pull1_Stuck_Down,0x416
Staid_Crop_Pull1_Stuck_Base,0x417
Staid_Crop_Pull1_Stuck_Left,0x418
Staid_Crop_Pull1_Stuck_Right,0x419
Staid_Crop_Pull2_Down,0x41A
Staid_Crop_Pull2_Base,0x41B
Staid_Crop_Pull2_Left,0x41C
Staid_Crop_Pull2_Right,0x41D
Staid_Crop_Pull2_Stuck_Down,0x41E
Staid_Move_Animal_Feed_Down,0x41F
Staid_Move_Animal_Feed_Base,0x420
Staid_Move_Animal_Feed_Left,0x421
Staid_Move_Animal_Feed_Right,0x422
Staid_Use_Animal_Feed_1,0x423
Staid_Use_Animal_Feed_2,0x424
Staid_Use_Animal_Feed_3,0x425
Staid_Use_Animal_Feed_4,0x426
Staid_Stop2_Down,0x427
Staid_Stop2_Base,0x428
Staid_Stop2_Left,0x429
Staid_Stop2_Right,0x42A
Staid_Magic_Effect1,0x42B
Staid_Magic_Effect2,0x42C
Staid_Magic_Effect3,0x42D
Staid_Magic_Effect4,0x42E
Shadow_Animan1,0x42F
Shadow_Animan2,0x430
Shadow_Animan3,0x431
Shadow_Animan4,0x432
Timid_Stop_Down,0x433
Timid_Stop_Base,0x434
Timid_Stop_Left,0x435
Timid_Stop_Right,0x436
Timid_Walking_Down,0x437
Timid_Walking_Base,0x438
Timid_Walking_Left,0x439
Timid_Walking_Right,0x43A
Timid_Sleeping_Down,0x43B
Timid_Sleeping_Base,0x43C
Timid_Sleeping_Left,0x43D
Timid_Sleeping_Right,0x43E
Timid_Singing_Down,0x43F
Timid_Singing_Base,0x440
Timid_Singing_Left,0x441
Timid_Singing_Right,0x442
Timid_Stop_Down,0x443
Timid_Stop_Base,0x444
Timid_Stop_Left,0x445
Timid_Stop_Right,0x446
Timid_Crop_Lift_1_Down,0x447
Timid_Crop_Lift_1_Base,0x448
Timid_Crop_Lift_1_Left,0x449
Timid_Crop_Lift_1_Right,0x44A
Timid_Crop_Lift_2_Down,0x44B
Timid_Crop_Lift_2_Base,0x44C
Timid_Crop_Lift_2_Left,0x44D
Timid_Crop_Lift_2_Right,0x44E
Timid_Crop_Lift_3_Down,0x44F
Timid_Crop_Lift_3_Base,0x450
Timid_Crop_Lift_3_Left,0x451
Timid_Crop_Lift_3_Right,0x452
Timid_Crop_Lift_Mistake_Down,0x453
Timid_Crop_Lift_Mistake_Base,0x454
Timid_Crop_Lift_Mistake_Left,0x455
Timid_Crop_Lift_Mistake_Right,0x456
Timid_Crop_Lift_Broken_Mistake_Down,0x457
Timid_Crop_Lift_Broken_Mistake_Base,0x458
Timid_Crop_Lift_Broken_Mistake_Left,0x459
Timid_Crop_Lift_Broken_Mistake_Right,0x45A
Timid_Crop_Pull_Overload_Down,0x45B
Timid_Crop_Pull_Overload_Base,0x45C
Timid_Crop_Pull_Overload_Left,0x45D
Timid_Crop_Pull_Overload_Right,0x45E
Timid_Crop_Pull_Stuck_Down,0x45F
Timid_Crop_Pull_Stuck_Base,0x460
Timid_Crop_Pull_Stuck_Left,0x461
Timid_Crop_Pull_Stuck_Right,0x462
Timid_Crop_Pull1_Down,0x463
Timid_Crop_Pull1_Base,0x464
Timid_Crop_Pull1_Left,0x465
Timid_Crop_Pull1_Right,0x466
Timid_Crop_Pull1_Stuck_Down,0x467
Timid_Crop_Pull1_Stuck_Base,0x468
Timid_Crop_Pull1_Stuck_Left,0x469
Timid_Crop_Pull1_Stuck_Right,0x46A
Timid_Crop_Pull2_Down,0x46B
Timid_Crop_Pull2_Base,0x46C
Timid_Crop_Pull2_Left,0x46D
Timid_Crop_Pull2_Right,0x46E
Timid_Crop_Pull2_Stuck_Down,0x46F
Timid_Move_Animal_Feed_Down,0x470
Timid_Move_Animal_Feed_Base,0x471
Timid_Move_Animal_Feed_Left,0x472
Timid_Move_Animal_Feed_Right,0x473
Timid_Use_Animal_Feed_1,0x474
Timid_Use_Animal_Feed_2,0x475
Timid_Use_Animal_Feed_3,0x476
Timid_Use_Animal_Feed_4,0x477
Timid_Stop2_Down,0x478
Timid_Stop2_Base,0x479
Timid_Stop2_Left,0x47A
Timid_Stop2_Right,0x47B
timid_Stop_3,0x47C
timid_Stop_4,0x47D
Timid_Stop5,0x47E
Timid_Magic_Effect1,0x47F
Timid_Magic_Effect2,0x480
Timid_Magic_Effect3,0x481
Timid_Magic_Effect4,0x482
Shadow_Animan1,0x483
Shadow_Animan2,0x484
Shadow_Animan3,0x485
Shadow_Animan4,0x486
Nappy_Stop_Down,0x487
Nappy_Stop_Base,0x488
Nappy_Stop_Left,0x489
Nappy_Stop_Right,0x48A
Nappy_Walking_Down,0x48B
Nappy_Walking_Base,0x48C
Nappy_Walking_Left,0x48D
Nappy_Walking_Right,0x48E
Nappy_Sleeping_Down,0x48F
Nappy_Sleeping_Base,0x490
Nappy_Sleeping_Left,0x491
Nappy_Sleeping_Right,0x492
Nappy_Singing_Down,0x493
Nappy_Singing_Base,0x494
Nappy_Singing_Left,0x495
Nappy_Singing_Right,0x496
Nappy_Stop_Down,0x497
Nappy_Stop_Base,0x498
Nappy_Stop_Left,0x499
Nappy_Stop_Right,0x49A
Nappy_Crop_Lift_1_Down,0x49B
Nappy_Crop_Lift_1_Base,0x49C
Nappy_Crop_Lift_1_Left,0x49D
Nappy_Crop_Lift_1_Right,0x49E
Nappy_Crop_Lift_2_Down,0x49F
Nappy_Crop_Lift_2_Base,0x4A0
Nappy_Crop_Lift_2_Left,0x4A1
Nappy_Crop_Lift_2_Right,0x4A2
Nappy_Crop_Lift_3_Down,0x4A3
Nappy_Crop_Lift_3_Base,0x4A4
Nappy_Crop_Lift_3_Left,0x4A5
Nappy_Crop_Lift_3_Right,0x4A6
Nappy_Crop_Lift_Mistake_Down,0x4A7
Nappy_Crop_Lift_Mistake_Base,0x4A8
Nappy_Crop_Lift_Mistake_Left,0x4A9
Nappy_Crop_Lift_Mistake_Right,0x4AA
Nappy_Crop_Lift_Broken_Mistake_Down,0x4AB
Nappy_Crop_Lift_Broken_Mistake_Base,0x4AC
Nappy_Crop_Lift_Broken_Mistake_Left,0x4AD
Nappy_Crop_Lift_Broken_Mistake_Right,0x4AE
Nappy_Crop_Pull_Overload_Down,0x4AF
Nappy_Crop_Pull_Overload_Base,0x4B0
Nappy_Crop_Pull_Overload_Left,0x4B1
Nappy_Crop_Pull_Overload_Right,0x4B2
Nappy_Crop_Pull_Stuck_Down,0x4B3
Nappy_Crop_Pull_Stuck_Base,0x4B4
Nappy_Crop_Pull_Stuck_Left,0x4B5
Nappy_Crop_Pull_Stuck_Right,0x4B6
Nappy_Crop_Pull1_Down,0x4B7
Nappy_Crop_Pull1_Base,0x4B8
Nappy_Crop_Pull1_Left,0x4B9
Nappy_Crop_Pull1_Right,0x4BA
Nappy_Crop_Pull1_Stuck_Down,0x4BB
Nappy_Crop_Pull1_Stuck_Base,0x4BC
Nappy_Crop_Pull1_Stuck_Left,0x4BD
Nappy_Crop_Pull1_Stuck_Right,0x4BE
Nappy_Crop_Pull2_Down,0x4BF
Nappy_Crop_Pull2_Base,0x4C0
Nappy_Crop_Pull2_Left,0x4C1
Nappy_Crop_Pull2_Right,0x4C2
Nappy_Crop_Pull2_Stuck_Down,0x4C3
Nappy_Move_Animal_Feed_Down,0x4C4
Nappy_Move_Animal_Feed_Base,0x4C5
Nappy_Move_Animal_Feed_Left,0x4C6
Nappy_Move_Animal_Feed_Right,0x4C7
Nappy_Use_Animal_Feed_1,0x4C8
Nappy_Use_Animal_Feed_2,0x4C9
Nappy_Use_Animal_Feed_3,0x4CA
Nappy_Use_Animal_Feed_4,0x4CB
Nappy_Stop2_Down,0x4CC
Nappy_Stop2_Base,0x4CD
Nappy_Stop2_Left,0x4CE
Nappy_Stop2_Right,0x4CF
Nappy_Stop_3,0x4D0
Nappy_Stop_4,0x4D1
Nappy_Stop_5,0x4D2
Nappy_Magic_Effect1,0x4D3
Nappy_Magic_Effect2,0x4D4
Nappy_Magic_Effect3,0x4D5
Nappy_Magic_Effect4,0x4D6
Shadow_Animan1,0x4D7
Shadow_Animan2,0x4D8
Shadow_Animan3,0x4D9
Shadow_Animan4,0x4DA
Bold_Stop_Down,0x4DB
Bold_Stop_Base,0x4DC
Bold_Stop_Left,0x4DD
Bold_Stop_Right,0x4DE
Bold_Walking_Down,0x4DF
Bold_Walking_Base,0x4E0
Bold_Walking_Left,0x4E1
Bold_Walking_Right,0x4E2
Bold_Sleeping_Down,0x4E3
Bold_Sleeping_Base,0x4E4
Bold_Sleeping_Left,0x4E5
Bold_Sleeping_Right,0x4E6
Bold_Singing_Down,0x4E7
Bold_Singing_Base,0x4E8
Bold_Singing_Left,0x4E9
Bold_Singing_Right,0x4EA
Bold_Stop_Down,0x4EB
Bold_Stop_Base,0x4EC
Bold_Stop_Left,0x4ED
Bold_Stop_Right,0x4EE
Bold_Crop_Lift_1_Down,0x4EF
Bold_Crop_Lift_1_Base,0x4F0
Bold_Crop_Lift_1_Left,0x4F1
Bold_Crop_Lift_1_Right,0x4F2
Bold_Crop_Lift_2_Down,0x4F3
Bold_Crop_Lift_2_Base,0x4F4
Bold_Crop_Lift_2_Left,0x4F5
Bold_Crop_Lift_2_Right,0x4F6
Bold_Crop_Lift_3_Down,0x4F7
Bold_Crop_Lift_3_Base,0x4F8
Bold_Crop_Lift_3_Left,0x4F9
Bold_Crop_Lift_3_Right,0x4FA
Bold_Crop_Lift_Mistake_Down,0x4FB
Bold_Crop_Lift_Mistake_Base,0x4FC
Bold_Crop_Lift_Mistake_Left,0x4FD
Bold_Crop_Lift_Mistake_Right,0x4FE
Bold_Crop_Lift_Broken_Mistake_Down,0x4FF
Bold_Crop_Lift_Broken_Mistake_Base,0x500
Bold_Crop_Lift_Broken_Mistake_Left,0x501
Bold_Crop_Lift_Broken_Mistake_Right,0x502
Bold_Crop_Pull_Overload_Down,0x503
Bold_Crop_Pull_Overload_Base,0x504
Bold_Crop_Pull_Stuck_Down,0x505
Bold_Crop_Pull_Stuck_Base,0x506
Bold_Crop_Pull_Stuck_Left,0x507
Bold_Crop_Pull_Stuck_Right,0x508
Bold_Crop_Pull1_Down,0x509
Bold_Crop_Pull1_Base,0x50A
Bold_Crop_Pull1_Left,0x50B
Bold_Crop_Pull1_Right,0x50C
Bold_Crop_Pull1_Stuck_Down,0x50D
Bold_Crop_Pull1_Stuck_Base,0x50E
Bold_Crop_Pull1_Stuck_Left,0x50F
Bold_Crop_Pull1_Stuck_Right,0x510
Bold_Crop_Pull2_Down,0x511
Bold_Crop_Pull2_Base,0x512
Bold_Crop_Pull2_Left,0x513
Bold_Crop_Pull2_Right,0x514
Bold_Crop_Pull2_Stuck_Down,0x515
Bold_Crop_Pull2_Stuck_Base,0x516
Bold_Crop_Pull2_Stuck_Left,0x517
Bold_Crop_Pull2_Stuck_Right,0x518
Bold_Move_Animal_Feed_Down,0x519
Bold_Move_Animal_Feed_Base,0x51A
Bold_Move_Animal_Feed_Left,0x51B
Bold_Move_Animal_Feed_Right,0x51C
Bold_Use_Animal_Feed_1,0x51D
Bold_Use_Animal_Feed_2,0x51E
Bold_Use_Animal_Feed_3,0x51F
Bold_Use_Animal_Feed_4,0x520
Bold_Stop2_Down,0x521
Bold_Stop2_Base,0x522
Bold_Stop2_Left,0x523
Bold_Stop2_Right,0x524
Bold_Stop_3,0x525
Bold_Stop_4,0x526
Bold_Magic_Effect1,0x527
Bold_Magic_Effect2,0x528
Bold_Magic_Effect3,0x529
Bold_Magic_Effect4,0x52A
Shadow_Animan1,0x52B
Shadow_Animan2,0x52C
Shadow_Animan3,0x52D
Shadow_Animan4,0x52E
Chef_Stop_Down,0x52F
Chef_Stop_Base,0x530
Chef_Stop_Left,0x531
Chef_Stop_Right,0x532
Chef_Walking_Down,0x533
Chef_Walking_Base,0x534
Chef_Walking_Left,0x535
Chef_Walking_Right,0x536
Chef_Sleeping_Down,0x537
Chef_Sleeping_Base,0x538
Chef_Sleeping_Left,0x539
Chef_Sleeping_Right,0x53A
Chef_Singing_Down,0x53B
Chef_Singing_Base,0x53C
Chef_Singing_Left,0x53D
Chef_Singing_Right,0x53E
Chef_Stop_Down,0x53F
Chef_Stop_Base,0x540
Chef_Stop_Left,0x541
Chef_Stop_Right,0x542
Chef_Crop_Lift_1_Down,0x543
Chef_Crop_Lift_1_Base,0x544
Chef_Crop_Lift_1_Left,0x545
Chef_Crop_Lift_1_Right,0x546
Chef_Crop_Lift_2_Down,0x547
Chef_Crop_Lift_2_Base,0x548
Chef_Crop_Lift_2_Left,0x549
Chef_Crop_Lift_2_Right,0x54A
Chef_Crop_Lift_3_Down,0x54B
Chef_Crop_Lift_3_Base,0x54C
Chef_Crop_Lift_3_Left,0x54D
Chef_Crop_Lift_3_Right,0x54E
Chef_Crop_Lift_Mistake_Down,0x54F
Chef_Crop_Lift_Mistake_Base,0x550
Chef_Crop_Lift_Mistake_Left,0x551
Chef_Crop_Lift_Mistake_Right,0x552
Chef_Crop_Lift_Broken_Mistake_Down,0x553
Chef_Crop_Lift_Broken_Mistake_Base,0x554
Chef_Crop_Lift_Broken_Mistake_Left,0x555
Chef_Crop_Lift_Broken_Mistake_Right,0x556
Chef_Crop_Pull_Overload_Down,0x557
Chef_Crop_Pull_Overload_Base,0x558
Chef_Crop_Pull_Overload_Left,0x559
Chef_Crop_Pull_Overload_Right,0x55A
Chef_Crop_Pull_Stuck_Down,0x55B
Chef_Crop_Pull_Stuck_Base,0x55C
Chef_Crop_Pull_Stuck_Left,0x55D
Chef_Crop_Pull_Stuck_Right,0x55E
Chef_Crop_Pull1_Down,0x55F
Chef_Crop_Pull1_Base,0x560
Chef_Crop_Pull1_Left,0x561
Chef_Crop_Pull1_Right,0x562
Chef_Crop_Pull1_Stuck_Down,0x563
Chef_Crop_Pull1_Stuck_Base,0x564
Chef_Crop_Pull1_Stuck_Left,0x565
Chef_Crop_Pull1_Stuck_Right,0x566
Chef_Crop_Pull2_Down,0x567
Chef_Crop_Pull2_Base,0x568
Chef_Crop_Pull2_Left,0x569
Chef_Crop_Pull2_Right,0x56A
Chef_Crop_Pull2_Stuck_Down,0x56B
Chef_Move_Animal_Feed_Down,0x56C
Chef_Move_Animal_Feed_Base,0x56D
Chef_Move_Animal_Feed_Left,0x56E
Chef_Move_Animal_Feed_Right,0x56F
Chef_Use_Animal_Feed_1,0x570
Chef_Use_Animal_Feed_2,0x571
Chef_Use_Animal_Feed_3,0x572
Chef_Use_Animal_Feed_4,0x573
Chef_Stop2_Down,0x574
Chef_Stop2_Base,0x575
Chef_Stop2_Left,0x576
Chef_Stop2_Right,0x577
Chef_Stop_3,0x578
Chef_Stop_4,0x579
Chef_Stop_5,0x57A
Chef_Magic_Effect1,0x57B
Chef_Magic_Effect2,0x57C
Chef_Magic_Effect3,0x57D
Chef_Magic_Effect4,0x57E
Shadow_Animan1,0x57F
Shadow_Animan2,0x580
Shadow_Animan3,0x581
Shadow_Animan4,0x582
Aqua_Stop_Down,0x583
Aqua_Stop_Base,0x584
Aqua_Stop_Left,0x585
Aqua_Stop_Right,0x586
Aqua_Walking_Down,0x587
Aqua_Walking_Base,0x588
Aqua_Walking_Left,0x589
Aqua_Walking_Right,0x58A
Aqua_Sleeping_Down,0x58B
Aqua_Sleeping_Base,0x58C
Aqua_Sleeping_Left,0x58D
Aqua_Sleeping_Right,0x58E
Aqua_Singing_Down,0x58F
Aqua_Singing_Base,0x590
Aqua_Singing_Left,0x591
Aqua_Singing_Right,0x592
Aqua_Stop2_Down,0x593
Aqua_Stop_Base,0x594
Aqua_Stop_Left,0x595
Aqua_Stop_Right,0x596
Aqua_Crop_Lift_1_Down,0x597
Aqua_Crop_Lift_1_Base,0x598
Aqua_Crop_Lift_1_Left,0x599
Aqua_Crop_Lift_1_Right,0x59A
Aqua_Crop_Lift_2_Down,0x59B
Aqua_Crop_Lift_2_Base,0x59C
Aqua_Crop_Lift_2_Left,0x59D
Aqua_Crop_Lift_2_Right,0x59E
Aqua_Crop_Lift_3_Down,0x59F
Aqua_Crop_Lift_3_Base,0x5A0
Aqua_Crop_Lift_3_Left,0x5A1
Aqua_Crop_Lift_3_Right,0x5A2
Aqua_Crop_Lift_Mistake_Down,0x5A3
Aqua_Crop_Lift_Mistake_Base,0x5A4
Aqua_Crop_Lift_Mistake_Left,0x5A5
Aqua_Crop_Lift_Mistake_Right,0x5A6
Aqua_Crop_Lift_Broken_Mistake_Down,0x5A7
Aqua_Crop_Lift_Broken_Mistake_Base,0x5A8
Aqua_Crop_Lift_Broken_Mistake_Left,0x5A9
Aqua_Crop_Lift_Broken_Mistake_Right,0x5AA
Aqua_Crop_Pull_Overload_Down,0x5AB
Aqua_Crop_Pull_Overload_Base,0x5AC
Aqua_Crop_Pull_Overload_Left,0x5AD
Aqua_Crop_Pull_Overload_Right,0x5AE
Aqua_Crop_Pull_Stuck_Down,0x5AF
Aqua_Crop_Pull_Stuck_Base,0x5B0
Aqua_Crop_Pull_Stuck_Left,0x5B1
Aqua_Crop_Pull_Stuck_Right,0x5B2
Aqua_Crop_Pull1_Down,0x5B3
Aqua_Crop_Pull1_Base,0x5B4
Aqua_Crop_Pull1_Left,0x5B5
Aqua_Crop_Pull1_Right,0x5B6
Aqua_Crop_Pull1_Stuck_Down,0x5B7
Aqua_Crop_Pull1_Stuck_Base,0x5B8
Aqua_Crop_Pull1_Stuck_Left,0x5B9
Aqua_Crop_Pull1_Stuck_Right,0x5BA
Aqua_Crop_Pull2_Down,0x5BB
Aqua_Crop_Pull2_Base,0x5BC
Aqua_Crop_Pull2_Left,0x5BD
Aqua_Crop_Pull2_Right,0x5BE
Aqua_Crop_Pull2_Stuck_Down,0x5BF
Aqua_Crop_Pull2_Stuck_Base,0x5C0
Aqua_Crop_Pull2_Stuck_Left,0x5C1
Aqua_Crop_Pull2_Stuck_Right,0x5C2
Aqua_Move_Animal_Feed_Down,0x5C3
Aqua_Move_Animal_Feed_Base,0x5C4
Aqua_Move_Animal_Feed_Left,0x5C5
Aqua_Move_Animal_Feed_Right,0x5C6
Aqua_Use_Animal_Feed_1,0x5C7
Aqua_Use_Animal_Feed_2,0x5C8
Aqua_Use_Animal_Feed_3,0x5C9
Aqua_Use_Animal_Feed_4,0x5CA
Aqua_Stop2_Down,0x5CB
Aqua_Stop2_Base,0x5CC
Aqua_Stop2_Left,0x5CD
Aqua_Stop2_Right,0x5CE
Aqua_Magic_Effect1,0x5CF
Aqua_Magic_Effect2,0x5D0
Aqua_Magic_Effect3,0x5D1
Aqua_Magic_Effect4,0x5D2
Shadow_Animan1,0x5D3
Shadow_Animan2,0x5D4
Shadow_Animan3,0x5D5
Shadow_Animan4,0x5D6
Hoggy_Stop_Down,0x5D7
Hoggy_Stop_Base,0x5D8
Hoggy_Stop_Left,0x5D9
Hoggy_Stop_Right,0x5DA
Hoggy_Walking_Down,0x5DB
Hoggy_Walking_Base,0x5DC
Hoggy_Walking_Left,0x5DD
Hoggy_Walking_Right,0x5DE
Hoggy_Sleeping_Down,0x5DF
Hoggy_Sleeping_Base,0x5E0
Hoggy_Sleeping_Left,0x5E1
Hoggy_Sleeping_Right,0x5E2
Hoggy_Singing_Down,0x5E3
Hoggy_Singing_Base,0x5E4
Hoggy_Singing_Left,0x5E5
Hoggy_Singing_Right,0x5E6
Hoggy_Stop2_Down,0x5E7
Hoggy_Stop2_Base,0x5E8
Hoggy_Stop2_Left,0x5E9
Hoggy_Stop2_Right,0x5EA
Hoggy_Crop_Lift_1_Down,0x5EB
Hoggy_Crop_Lift_1_Base,0x5EC
Hoggy_Crop_Lift_1_Left,0x5ED
Hoggy_Crop_Lift_1_Right,0x5EE
Hoggy_Crop_Lift_2_Down,0x5EF
Hoggy_Crop_Lift_2_Base,0x5F0
Hoggy_Crop_Lift_2_Left,0x5F41
Hoggy_Crop_Lift_2_Right,0x5F2
Hoggy_Crop_Lift_3_Down,0x5F3
Hoggy_Crop_Lift_3_Base,0x5F4
Hoggy_Crop_Lift_3_Left,0x5F5
Hoggy_Crop_Lift_3_Right,0x5F6
Hoggy_Crop_Lift_Mistake_Down,0x5F7
Hoggy_Crop_Lift_Mistake_Base,0x5F8
Hoggy_Crop_Lift_Mistake_Left,0x5F9
Hoggy_Crop_Lift_Mistake_Right,0x5FA
Hoggy_Crop_Lift_Broken_Mistake_Down,0x5FB
Hoggy_Crop_Lift_Broken_Mistake_Base,0x5FC
Hoggy_Crop_Lift_Broken_Mistake_Left,0x5FD
Hoggy_Crop_Lift_Broken_Mistake_Right,0x5FE
Hoggy_Crop_Pull_Overload_Down,0x5FF
Hoggy_Crop_Pull_Overload_Base,0x600
Hoggy_Crop_Pull_Overload_Left,0x601
Hoggy_Crop_Pull_Overload_Right,0x602
Hoggy_Crop_Pull_Stuck_Down,0x603
Hoggy_Crop_Pull_Stuck_Base,0x604
Hoggy_Crop_Pull_Stuck_Left,0x605
Hoggy_Crop_Pull_Stuck_Right,0x606
Hoggy_Crop_Pull1_Down,0x607
Hoggy_Crop_Pull1_Base,0x608
Hoggy_Crop_Pull1_Left,0x609
Hoggy_Crop_Pull1_Right,0x60A
Hoggy_Crop_Pull1_Stuck_Down,0x60B
Hoggy_Crop_Pull1_Stuck_Base,0x60C
Hoggy_Crop_Pull1_Stuck_Left,0x60D
Hoggy_Crop_Pull1_Stuck_Right,0x60E
Hoggy_Crop_Pull2_Down,0x60F
Hoggy_Crop_Pull2_Base,0x610
Hoggy_Crop_Pull2_Left,0x611
Hoggy_Crop_Pull2_Right,0x612
Hoggy_Crop_Pull2_Stuck_Down,0x613
Hoggy_Crop_Pull2_Stuck_Base,0x614
Hoggy_Crop_Pull2_Stuck_Left,0x615
Hoggy_Crop_Pull2_Stuck_Right,0x616
Hoggy_Move_Animal_Feed_Down,0x617
Hoggy_Move_Animal_Feed_Base,0x618
Hoggy_Move_Animal_Feed_Left,0x619
Hoggy_Move_Animal_Feed_Right,0x61A
Hoggy_Use_Animal_Feed_1,0x61B
Hoggy_Use_Animal_Feed_2,0x61C
Hoggy_Use_Animal_Feed_3,0x61D
Hoggy_Use_Animal_Feed_4,0x61E
Hoggy_Stop2_Down,0x61F
Hoggy_Stop2_Base,0x620
Hoggy_Stop2_Left,0x621
Hoggy_Stop2_Right,0x622
Hoggy_Magic_Effect1,0x623
Hoggy_Magic_Effect2,0x624
Hoggy_Magic_Effect3,0x625
Hoggy_Magic_Effect4,0x626
Shadow_Animan1,0x627
Shadow_Animan2,0x628
Shadow_Animan3,0x629
Shadow_Animan4,0x62A
Chiken_Manager_1_Down,0x62b
Chiken_Manager_1_Base,0x62c
Chiken_Manager_1_Left,0x62d
Chiken_Manager_1_Right,0x62e
Chiken_Manager_1_Stop_Down,0x62F
Chiken_Manager_1_Stop_Base,0x630
Chiken_Manager_1_Stop_Left,0x631
Chiken_Manager_1_Stop_Right,0x632
Padding_1,0x633
Padding_2,0x634
Padding_3,0x635
Padding_4,0x636
Chiken_Manager_2_Down,0x637
Chiken_Manager_2_Base,0x638
Chiken_Manager_2_Left,0x639
Chiken_Manager_2_Right,0x63A
Chiken_Manager_2_Stop_Down,0x63B
Chiken_Manager_2_Stop_Base,0x63C
Chiken_Manager_2_Stop_Left,0x63D
Chiken_Manager_2_Stop_Right,0x63E
Chiken_Manager_2Pading_Stop_Down,0x63F
Chiken_Manager_2Pading_Stop_Base,0x640
Chiken_Manager_2Pading_Stop_Left,0x641
Chiken_Manager_2Pading_Stop_Right,0x63E
Chiken_Manager_3_Down,0x63F
Chiken_Manager_3_Base,0x640
Chiken_Manager_3_Left,0x63D
Chiken_Manager_3_Right,0x63E
Chiken_Manager_3_Stop_Down,0x63F
Chiken_Manager_3_Stop_Base,0x640
Chiken_Manager_3_Stop_Left,0x641
Chiken_Manager_3_Stop_Right,0x642
Padding_5,0x643
Padding_6,0x644
Padding_7,0x645
Padding_8,0x646
Cosa_Rara_Parpadeando_1,0x647
Cosa_Rara_Parpadeando_2,0x648
Cosa_Rara_Parpadeando_3,0x649
Cosa_Rara_Parpadeando_4,0x64A
Cosa_Rara_Parpadeando_5,0x64B
Cosa_Rara_Parpadeando_6,0x64C
Cosa_Rara_Parpadeando_7,0x64D
Cosa_Rara_Parpadeando_8,0x64E
Cosa_Rara_Parpadeando_9,0x64F
Cosa_Rara_Parpadeando_10,0x650
Cosa_Rara_Parpadeando_11,0x651
Cosa_Rara_Parpadeando_12,0x652
Cosa_Rara_Parpadeando_13,0x653
Cosa_Rara_Parpadeando_14,0x654
Cosa_Rara_Parpadeando_15,0x655
Cosa_Rara_Parpadeando_16,0x656
Other_Cat_Stop_Down,0x657
Other_Cat_Stop_Base,0x658
Other_Cat_Stop_Left,0x659
Other_Cat_Stop_Right,0x65A
Other_Cat_Down,0x65B
Other_Cat_Base,0x65C
Other_Cat_Left,0x65D
Other_Cat_Right,0x65E
Cat_Stop_Stop,0x65F
Frog_Stop_Down,0x660
Frog_Stop_Base,0x661
Frog_Stop_Left,0x662
Frog_Stop_Right,0x663
Frog_Walk_Down,0x664
Frog_Walk_Base,0x665
Frog_Walk_Left,0x666
Frog_Walk_Right,0x667
H.Goodes_Stop_Down,0x668
H.Goodes_Stop_Base,0x669
H.Goodes_Stop_Left,0x66A
H.Goodes_Stop_Right,0x66B
H.Goodes_Walk_Down,0x66C
H.Goodes_Walk_Base,0x66D
H.Goodes_Walk_Left,0x66E
H.Goodes_Walk_Right,0x66F
H.Goodes_Hands_Down,0x670
H.Goodes_Hands_Base,0x671
H.Goodes_Hands_Left,0x672
H.Goodes_Hands_Right,0x673
H.Goodes_Levitate_Down,0x674
H.Goodes_Levitate_Base,0x675
H.Goodes_Levitate_Left,0x676
H.Goodes_Levitate_Right,0x677
Gourmet_Stop_Down,0x678
Gourmet_Stop_Base,0x679
Gourmet_Stop_Left,0x67A
Gourmet_Stop_Right,0x67B
Gourmet_Walking_Down,0x67C
Gourmet_Walking_Base,0x67D
Gourmet_Walking_Left,0x67E
Gourmet_Walking_Right,0x67F
Gourmet_Eat_1,0x680
Gourmet_Eat_2,0x681
Gourmet_Eat_3,0x682
Gourmet_Eat_4,0x683
Ellen_Stop_Down,0x684
Ellen_Stop_Base,0x685
Ellen_Stop_Left,0x686
Ellen_Stop_Right,0x687
Jeff_Stop_Down,0x688
Jeff_Stop_Base,0x689
Jeff_Stop_Left,0x68A
Jeff_Stop_Right,0x68B
Jeff_Walk_Down,0x68C
Jeff_Walk_Base,0x68D
Jeff_Walk_Left,0x68E
Jeff_Walk_Right,0x68F
Karen_Stop_Down,0x690
Karen_Stop_Base,0x691
Karen_Stop_Left,0x692
Karen_Stop_Right,0x693
Karen_Walk_Down,0x694
Karen_Walk_Base,0x695
Karen_Walk_Left,0x696
Karen_Walk_Right,0x697
Karen_Middle_Hands_Down,0x698
Karen_Middle_Hands_Base,0x699
Karen_Middle_Hands_Left,0x69A
Karen_Middle_Hands_Right,0x69B
Karen_Stop2_Down,0x69C
Karen_Stop2_Base,0x69D
Karen_Stop2_Left,0x69E
Karen_Stop2_Right,0x69F
Paddign_9,0x6A0
Paddign_10,0x6A1
Paddign_11,0x6A2
Paddign_12,0x6A3
Padding_13,0x6A4
Padding_14,0x6A5
Padding_15,0x6A6
Padding_16,0x6A7
Karen_Sing_1,0x6A8
Karen_Sing_2,0x6A9
Karen_Sing_3,0x6AA
Karen_Sing_4,0x6AB
Karen_Baby_Stop_Down,0x6AC
Karen_Baby_Stop_Base,0x6AD
Karen_Baby_Stop_Left,0x6AE
Karen_Baby_Stop_Right,0x6AF
Karen_Baby_Walk_Down,0x6B0
Karen_Baby_Walk_Base,0x6B1
Karen_Baby_Walk_Left,0x6B2
Karen_Baby_Walk_Right,0x6B3
Karen_Weeding_Stop_Down,0x6B4
Karen_Weeding_Stop_Base,0x6B5
Karen_Weeding_Stop_Left,0x6B6
Karen_Weeding_Stop_Right,0x6B7
Karen_Weeding_Down,0x6B8
Karen_Weeding_Base,0x6B9
Karen_Weeding_Left,0x6BA
Karen_Weeding_Right,0x6BB
Karen_Weeding_Kiss_1,0x6BC
Karen_Weeding_Kiss_2,0x6BD
Karen_Weeding_Kiss_3,0x6BE
Karen_Weeding_Kiss_4,0x6BF
Padding_17,0x6C0
Padding_18,0x6C1
Padding_19,0x6C2
Padding_20,0x6C3
Sasha_Stop_Down,0x6C4
Sasha_Stop_Base,0x6C5
Sasha_Stop_Left,0x6C6
Sasha_Stop_Right,0x6C7
Sasha_Walk_Down,0x6C8
Sasha_Walk_Base,0x6C9
Sasha_Walk_Left,0x6CA
Sasha_Walk_Right,0x6CB
Sasha_Hands_Middle_Down,0x6CC
Sasha_Hands_Middle_Base,0x6CD
Sasha_Hands_Middle_Left,0x6CE
Sasha_Hands_Middle_Right,0x6CF
Black_Chiken_Stop_Down,0x6D0
Black_Chiken_Stop_Base,0x6D1
Black_Chiken_Stop_Left,0x6D2
Black_Chiken_Stop_Right,0x6D3
Black_Chiken_Down,0x6D4
Black_Chiken_Base,0x6D5
Black_Chiken_Left,0x6D6
Black_Chiken_Right,0x6D7
Black_Chiken_Eat_Down,0x6D8
Black_Chiken_Eat_Base,0x6D9
Black_Chiken_Eat_Left,0x6DA
Black_Chiken_Eat_Right,0x6DB
Black_Chiken_Exited_Down,0x6DC
Black_Chiken_Exited_Base,0x6DD
Black_Chiken_Exited_Left,0x6DE
Black_Chiken_Exited_Right,0x6DF
Black_Chiken_Sleep_Down,0x6E0
Black_Chiken_Sleep_Base,0x6E1
Black_Chiken_Sleep_Left,0x6E2
Black_Chiken_Sleep_Right,0x6E3
Black_Chiken_Super_Exited_Down,0x6E4
Black_Chiken_Super_Exited_Base,0x6E5
Black_Chiken_Super_Exited_Left,0x6E6
Black_Chiken_Super_Exited_Right,0x6E7
Black_Chiken_Sit,0x6E8
White_Chiken_Stop_Down,0x6E9
White_Chiken_Stop_Base,0x6EA
White_Chiken_Stop_Left,0x6EB
White_Chiken_Stop_Right,0x6EC
White_Chiken_Down,0x6ED
White_Chiken_Base,0x6EE
White_Chiken_Left,0x6EF
White_Chiken_Right,0x6F0
White_Chiken_Eat_Down,0x6F1
White_Chiken_Eat_Base,0x6F2
White_Chiken_Eat_Left,0x6F3
White_Chiken_Eat_Right,0x6F4
White_Chiken_Exited_Down,0x6F5
White_Chiken_Exited_Base,0x6F6
White_Chiken_Exited_Left,0x6F7
White_Chiken_Exited_Right,0x6F8
White_Chiken_Sleep_Down,0x6F9
White_Chiken_Sleep_Base,0x6FA
White_Chiken_Sleep_Left,0x6FB
White_Chiken_Sleep_Right,0x6FC
White_Chiken_Super_Exited_Down,0x6FD
White_Chiken_Super_Exited_Base,0x6FE
White_Chiken_Super_Exited_Left,0x6FF
White_Chiken_Super_Exited_Right,0x700
White_Chiken_Sit,0x701
Golden_Chiken_Stop_Down,0x702
Golden_Chiken_Stop_Base,0x703
Golden_Chiken_Stop_Left,0x704
Golden_Chiken_Stop_Right,0x705
Golden_Chiken_Down,0x706
Golden_Chiken_Base,0x707
Golden_Chiken_Left,0x708
Golden_Chiken_Right,0x709
Golden_Chiken_Eat_Down,0x70A
Golden_Chiken_Eat_Base,0x70B
Golden_Chiken_Eat_Left,0x70C
Golden_Chiken_Eat_Right,0x70D
Golden_Chiken_Exited_Down,0x70E
Golden_Chiken_Exited_Base,0x70F
Golden_Chiken_Exited_Left,0x710
Golden_Chiken_Exited_Right,0x711
Golden_Chiken_Sleep_Down,0x712
Golden_Chiken_Sleep_Base,0x713
Golden_Chiken_Sleep_Left,0x714
Golden_Chiken_Sleep_Right,0x715
Golden_Chiken_Super_Exited_Down,0x716
Golden_Chiken_Super_Exited_Base,0x717
Golden_Chiken_Super_Exited_Left,0x718
Golden_Chiken_Super_Exited_Right,0x719
Golden_Chiken_Sit,0x71A
White2_Chiken_Stop_Down,0x71B
White2_Chiken_Stop_Base,0x71C
White2_Chiken_Stop_Left,0x71D
White2_Chiken_Stop_Right,0x71E
White2_Chiken_Down,0x71F
White2_Chiken_Base,0x720
White2_Chiken_Left,0x721
White2_Chiken_Right,0x722
White2_Chiken_Eat_Down,0x723
White2_Chiken_Eat_Base,0x724
White2_Chiken_Eat_Left,0x725
White2_Chiken_Eat_Right,0x726
White2_Chiken_Exited_Down,0x727
White2_Chiken_Exited_Base,0x728
White2_Chiken_Exited_Left,0x729
White2_Chiken_Exited_Right,0x72A
White2_Chiken_Sleep_Down,0x72B
White2_Chiken_Sleep_Base,0x72C
White2_Chiken_Sleep_Left,0x72D
White2_Chiken_Sleep_Right,0x72E
White2_Chiken_Sit,0x72F
Baby_Chiken_Stop_Down,0x730
Baby_Chiken_Stop_Base,0x731
Baby_Chiken_Stop_Left,0x732
Baby_Chiken_Stop_Right,0x733
Baby_Chiken_Down,0x734
Baby_Chiken_Base,0x735
Baby_Chiken_Left,0x736
Baby_Chiken_Right,0x737
Baby_Chiken_Sit,0x738
Horse_Rider_1_Stop_Down,0x739
Horse_Rider_1_Stop_Base,0x73A
Horse_Rider_1_Stop_Left,0x73B
Horse_Rider_1_Stop_Right,0x73C
Horse_Rider_1_Down,0x73D
Horse_Rider_1_Base,0x73E
Horse_Rider_1_Left,0x73F
Horse_Rider_1_Right,0x740
Horse_Rider_1_Finish_Down,0x741
Horse_Rider_1_Finish_Base,0x742
Horse_Rider_1_Finish_Left,0x743
Horse_Rider_1_Finish_Right,0x744
Horse_Rider_2_Stop_Down,0x745
Horse_Rider_2_Stop_Base,0x746
Horse_Rider_2_Stop_Left,0x747
Horse_Rider_2_Stop_Right,0x748
Horse_Rider_2_Down,0x749
Horse_Rider_2_Base,0x74A
Horse_Rider_2_Left,0x74B
Horse_Rider_2_Right,0x74C
Horse_Rider_2_Finish_Down,0x74D
Horse_Rider_2_Finish_Base,0x74E
Horse_Rider_2_Finish_Left,0x74F
Horse_Rider_2_Finish_Right,0x750
Horse_Rider_3_Stop_Down,0x751
Horse_Rider_3_Stop_Base,0x752
Horse_Rider_3_Stop_Left,0x753
Horse_Rider_3_Stop_Right,0x754
Horse_Rider_3_Down,0x755
Horse_Rider_3_Base,0x756
Horse_Rider_3_Left,0x757
Horse_Rider_3_Right,0x758
Horse_Rider_3_Finish_Down,0x759
Horse_Rider_3_Finish_Base,0x75A
Horse_Rider_3_Finish_Left,0x75B
Horse_Rider_3_Finish_Right,0x75C
Horse_Rider_4_Stop_Down,0x75D
Horse_Rider_4_Stop_Base,0x75E
Horse_Rider_4_Stop_Left,0x75F
Horse_Rider_4_Stop_Right,0x760
Horse_Rider_4_Down,0x761
Horse_Rider_4_Base,0x762
Horse_Rider_4_Left,0x763
Horse_Rider_4_Right,0x764
Horse_Rider_4_Finish_Down,0x765
Horse_Rider_4_Finish_Base,0x766
Horse_Rider_4_Finish_Left,0x767
Horse_Rider_4_Finish_Right,0x768
Horse_Rider_5_Stop_Down,0x769
Horse_Rider_5_Stop_Base,0x76A
Horse_Rider_5_Stop_Left,0x76B
Horse_Rider_5_Stop_Right,0x76C
Horse_Rider_5_Down,0x76D
Horse_Rider_5_Base,0x76E
Horse_Rider_5_Left,0x76F
Horse_Rider_5_Right,0x770
Horse_Rider_5_Finish_Down,0x771
Horse_Rider_5_Finish_Base,0x772
Horse_Rider_5_Finish_Left,0x773
Horse_Rider_5_Finish_Right,0x774
Player_Horse_Rider_Stop_Down,0x775
Player_Horse_Rider_Stop_Base,0x776
Player_Horse_Rider_Stop_Left,0x777
Player_Horse_Rider_Stop_Right,0x778
Player_Horse_Rider_Down,0x779
Player_Horse_Rider_Base,0x77A
Player_Horse_Rider_Left,0x77B
Player_Horse_Rider_Right,0x77C
Player_Horse_Rider_Finish_Down,0x77D
Player_Horse_Rider_Finish_Base,0x77E
Player_Horse_Rider_Finish_Left,0x77F
Player_Horse_Rider_Finish_Right,0x780
Players_Horse_Stop_Down,0x781
Players_Horse_Stop_Base,0x782
Players_Horse_Stop_Left,0x783
Players_Horse_Stop_Right,0x784
Players_Horse_Down,0x785
Players_Horse_Base,0x786
Players_Horse_Left,0x787
Players_Horse_Right,0x788
Players_Horse_Faster_Down,0x789
Players_Horse_Faster_Base,0x78A
Players_Horse_Faster_Left,0x78B
Players_Horse_Faster_Right,0x78C
Players_Horse_Eat_Down,0x78D
Players_Horse_Eat_Base,0x78E
Players_Horse_Eat_Left,0x78F
Players_Horse_Eat_Right,0x790
Players_Horse_Sleeping_Down,0x791
Players_Horse_Sleeping_Base,0x792
Players_Horse_Sleeping_Left,0x793
Players_Horse_Sleeping_Right,0x794
Players_Horse_Deep_Sleep_Down,0x795
Players_Horse_Deep_Sleep_Base,0x796
Players_Horse_Deep_Sleep_Left,0x797
Players_Horse_Deep_Sleep_Right,0x798
Players_Horse_Super_Fast_Down,0x799
Players_Horse_Super_Fast_Base,0x79A
Players_Horse_Super_Fast_Left,0x79B
Players_Horse_Super_Fast_Right,0x79C
Players_Horse_Happy_Down,0x79D
Players_Horse_Happy_Base,0x79E
Players_Horse_Happy_Left,0x79F
Players_Horse_Happy_Right,0x7A0
Baby_Horse_Stop_Down,0x7A1
Baby_Horse_Stop_Base,0x7A2
Baby_Horse_Stop_Left,0x7A3
Baby_Horse_Stop_Right,0x7A4
Baby_Horse_Down,0x7A5
Baby_Horse_Base,0x7A6
Baby_Horse_Left,0x7A7
Baby_Horse_Right,0x7A8
Baby_Horse_Eat_Down,0x7A9
Baby_Horse_Eat_Base,0x7AA
Baby_Horse_Eat_Left,0x7AB
Baby_Horse_Eat_Right,0x7AC
Baby_Horse_Sleeping_Down,0x7AD
Baby_Horse_Sleeping_Base,0x7AE
Baby_Horse_Sleeping_Left,0x7AF
Baby_Horse_Sleeping_Right,0x7B0
Baby_Horse_Deep_Sleep_Down,0x7B1
Baby_Horse_Deep_Sleep_Base,0x7B2
Baby_Horse_Deep_Sleep_Left,0x7B3
Baby_Horse_Deep_Sleep_Right,0x7B4
Doug_Stop_Down,0x7B5
Doug_Stop_Base,0x7B6
Doug_Stop_Left,0x7B7
Doug_Stop_Right,0x7B8
Doug_Down,0x7B9
Doug_Base,0x7BA
Doug_Left,0x7BB
Doug_Right,0x7BC
Doug_Hands_Middle_Down,0x7BD
Doug_Hands_Middle_Base,0x7BE
Doug_Hands_Middle_Left,0x7BF
Doug_Hands_Middle_Right,0x7C0
Ann_Stop_Down,0x7C1
Ann_Stop_Base,0x7C2
Ann_Stop_Left,0x7C3
Ann_Stop_Right,0x7C4
Ann_Down,0x7C5
Ann_Base,0x7C6
Ann_Left,0x7C7
Ann_Right,0x7C8
Ann_Middle_Hands_Down,0x7C9
Ann_Middle_Hands_Base,0x7CA
Ann_Middle_Hands_Left,0x7CB
Ann_Middle_Hands_Right,0x7CC
Ann_Baby_Stop_Down,0x7CD
Ann_Baby_Stop_Base,0x7CE
Ann_Baby_Stop_Left,0x7CF
Ann_Baby_Stop_Right,0x7D0
Ann_Baby_Down,0x7D1
Ann_Baby_Base,0x7D2
Ann_Baby_Left,0x7D3
Ann_Baby_Right,0x7D4
Padding_1,0x7D5
Padding_2,0x7D6
Padding_3,0x7D7
Padding_4,0x7D8
Padding_5,0x7D9
Padding_6,0x7DA
Padding_7,0x7DB
Padding_8,0x7DC
Ann_Stop_1,0x7DD
Ann_Stop_2,0x7DE
Ann_Stop_3,0x7DF
Ann_Stop_4,0x7E0
Ann_Singing_1,0x7E1
Ann_Singing_2,0x7E2
Ann_Singing_3,0x7E3
Ann_Singing_4,0x7E4
Ann_Weeding_1,0x7E5
Ann_Weeding_2,0x7E6
Ann_Weeding_3,0x7E7
Ann_Weeding_4,0x7E8
Ann_Weeding_Kiss_1,0x7E9
Ann_Weeding_Kiss_2,0x7EA
Ann_Weeding_Kiss_3,0x7EB
Ann_Weeding_Kiss_4,0x7EC
Padding_9,0x7ED
Padding_10,0x7EE
Padding_11,0x7EF
Padding_12,0x7F0
Lu_Stop_Down,0x7F1
Lu_Stop_Base,0x7F2
Lu_Stop_Left,0x7F3
Lu_Stop_Right,0x7F4
Lu_Down,0x7F5
Lu_Base,0x7F6
Lu_Left,0x7F7
Lu_Right,0x7F8
Lu_Middle_Hands_Down,0x7F9
Lu_Middle_Hands_Base,0x7FA
Lu_Middle_Hands_Left,0x7FB
Lu_Middle_Hands_Right,0x7FC
Kappa_Stop_Down,0x7FD
Kappa_Stop_Base,0x7FE
Kappa_Stop_Left,0x7FF
Kappa_Stop_Right,0x800
Kappa_Middle_Hands_Down,0x801
Kappa_Middle_Hands_Base,0x802
Kappa_Middle_Hands_Left,0x803
Kappa_Middle_Hands_Right,0x804
Lady_Bug_Down,0x805
Lady_Bug_Base,0x806
Lady_Bug_Left,0x807
Lady_Bug_Right,0x808
Lady_Bug_Stop_1,0x809
Basil_Stop_Down,0x80A
Basil_Stop_Base,0x80B
Basil_Stop_Left,0x80C
Basil_Stop_Right,0x80D
Basil_Down,0x80E
Basil_Base,0x80F
Basil_Left,0x810
Basil_Right,0x811
Mary_Stop_1,0x812
Mary_Stop_2,0x813
Mary_Stop_3,0x814
Mary_Stop_4,0x815
Mary_Down,0x816
Mary_Base,0x817
Mary_Left,0x818
Mary_Right,0x819
Mary_Hands_Down,0x81A
Mary_Hands_Base,0x81B
Mary_Hands_Left,0x81C
Mary_Hands_Right,0x81D
Mary_Stop_1,0x81E
Mary_Stop_2,0x81F
Mary_Stop_3,0x820
Mary_Stop_4,0x821
Padding_13,0x822
Padding_14,0x823
Padding_15,0x824
Padding_16,0x825
Padding_17,0x826
Padding_18,0x827
Padding_19,0x828
Padding_20,0x829
Padding_21,0x82A
Padding_22,0x82C
Padding_23,0x82D
Mary_Baby_Stop_Down,0x82E
Mary_Baby_Stop_Base,0x82F
Mary_Baby_Stop_Left,0x830
Mary_Baby_Stop_Right,0x831
Mary_Baby_Down,0x832
Mary_Baby_Base,0x833
Mary_Baby_Left,0x834
Mary_Baby_Right,0x835
Mary_Weeding_Stop_Down,0x836
Mary_Weeding_Stop_Base,0x837
Mary_Weeding_Stop_Left,0x838
Mary_Weeding_Stop_Right,0x839
Mary_Weeding_Down,0x83A
Mary_Weeding_Base,0x83B
Mary_Weeding_Left,0x83C
Mary_Weeding_Right,0x83D
Mary_Weeding_Kiss_Down,0x83E
Mary_Weeding_Kiss_Base,0x83F
Mary_Weeding_Kiss_Left,0x840
Mary_Weeding_Kiss_Right,0x841
Padding_24,0x842
Padding_25,0x843
Padding_26,0x844
Padding_27,0x845
Padding_28,0x846
Padding_29,0x847
Padding_30,0x848
Padding_31,0x849
Anna_Stop_Down,0x84A
Anna_Stop_Base,0x84B
Anna_Stop_Left,0x84C
Anna_Stop_Right,0x84D
Anna_Down,0x84E
Anna_Base,0x84F
Anna_Left,0x850
Anna_Right,0x851
Anna_Hands_Down,0x852
Anna_Hands_Base,0x853
Anna_Hands_Left,0x854
Anna_Hands_Right,0x855
Won_Stop_Down,0x856
Won_Stop_Base,0x857
Won_Stop_Left,0x858
Won_Stop_Right,0x859
Won_Down,0x85A
Won_Base,0x85B
Won_Left,0x85C
Won_Right,0x85D
Thomas_Stop_Down,0x85E
Thomas_Stop_Base,0x85F
Thomas_Stop_Left,0x860
Thomas_Stop_Right,0x861
Thomas_Down,0x862
Thomas_Base,0x863
Thomas_Left,0x864
Thomas_Right,0x865
Thomas_Hands_Down,0x866
Thomas_Hands_Base,0x867
Thomas_Hands_Left,0x868
Thomas_Hands_Right,0x869
Mole_Stop_Down,0x86A
Mole_Stop_Base,0x86B
Mole_Stop_Left,0x86C
Mole_Stop_Right,0x86D
Mole_Down,0x86E
Mole_Base,0x86F
Mole_Left,0x870
Mole_Right,0x871
Mole2_Down,0x872
Mole2_Base,0x873
Mole2_Left,0x874
Mole2_Right,0x875
Monkey_Stop_Down,0x876
Monkey_Stop_Base,0x877
Monkey_Stop_Left,0x878
Monkey_Stop_Right,0x879
Monkey_Down,0x87A
Monkey_Base,0x87B
Monkey_Left,0x87C
Monkey_Right,0x87D
Monkey_Relax_Down,0x87E
Monkey_Relax_Base,0x87F
Monkey_Relax_Left,0x880
Monkey_Relax_Right,0x881
Monkey_Sellep,0x882
Elli_Stop_Down,0x883
Elli_Stop_Base,0x884
Elli_Stop_Left,0x885
Elli_Stop_Right,0x886
Elli_Down,0x887
Elli_Base,0x888
Elli_Left,0x889
Elli_Right,0x88A
Elli_Hands_Down,0x88B
Elli_Hands_Base,0x88C
Elli_Hands_Left,0x88D
Elli_Hands_Right,0x88E
elli_Watching_1,0x88F
elli_Watching_2,0x890
elli_Watching_3,0x891
elli_Watching_4,0x892
Elli_Baby_Stop_Down,0x893
Elli_Baby_Stop_Base,0x894
Elli_Baby_Stop_Left,0x895
Elli_Baby_Stop_Right,0x896
Elli_Baby_Down,0x897
Elli_Baby_Base,0x898
Elli_Baby_Left,0x899
Elli_Baby_Right,0x89A
Padding_32,0x89B
Padding_33,0x89C
Padding_34,0x89D
Padding_35,0x89E
Padding_36,0x89F
Padding_37,0x8A0
Padding_38,0x8A1
Padding_39,0x8A2
Elli_Singing_1,0x8A3
Elli_Singing_2,0x8A4
Elli_Singing_3,0x8A5
Elli_Singing_4,0x8A6
Elli_Weeding_Stop_Down,0x8A7
Elli_Weeding_Stop_Base,0x8A8
Elli_Weeding_Stop_Left,0x8A9
Elli_Weeding_Stop_Right,0x8AA
Elli_Weeding_Down,0x8AB
Elli_Weeding_Base,0x8AC
Elli_Weeding_Left,0x8AD
Elli_Weeding_Right,0x8AE
Elli_Weeding_Kiss_1,0x8AF
Elli_Weeding_Kiss_2,0x8B0
Elli_Weeding_Kiss_3,0x8B1
Elli_Weeding_Kiss_4,0x8B2
Padding_40,0x8B3
Padding_41,0x8B4
Padding_42,0x8B5
Padding_43,0x8B6
Stu_Stop_Down,0x8B7
Stu_Stop_Base,0x8B8
Stu_Stop_Left,0x8B9
Stu_Stop_Right,0x8BA
Stu_Down,0x8BB
Stu_Base,0x8BC
Stu_Left,0x8BD
Stu_Right,0x8BE
Duke_Stop_Down,0x8BF
Duke_Stop_Base,0x8C0
Duke_Stop_Left,0x8C1
Duke_Stop_Right,0x8C2
Duke_Down,0x8C3
Duke_Base,0x8C4
Duke_Left,0x8C5
Duke_Right,0x8C6
Duke_Colapsed_Down,0x8C7
Duke_Colapsed_Base,0x8C8
Duke_Colapsed_Left,0x8C9
Duke_Colapsed_Right,0x8CA
Duke_Hands_Down,0x8CB
Duke_Hands_Base,0x8CC
Duke_Hands_Left,0x8CD
Duke_Hands_Right,0x8CE
Manna_Stop_Down,0x8CF
Manna_Stop_Base,0x8D0
Manna_Stop_Left,0x8D1
Manna_Stop_Right,0x8D2
Manna_Down,0x8D3
Manna_Base,0x8D4
Manna_Left,0x8D5
Manna_Right,0x8D6
Lou_Stop_Down,0x8D7
Lou_Stop_Base,0x8D8
Lou_Stop_Left,0x8D9
Lou_Stop_Right,0x8DA
Lou_Down,0x8DB
Lou_Base,0x8DC
Lou_Left,0x8DD
Lou_Right,0x8DE
Lou_Hands_Down,0x8DF
Lou_Hands_Base,0x8E0
Lou_Hands_Left,0x8E1
Lou_Hands_Right,0x8E2
Harris_Stop_Down,0x8E3
Harris_Stop_Base,0x8E4
Harris_Stop_Left,0x8E5
Harris_Stop_Right,0x8E6
Harris_Down,0x8E7
Harris_Base,0x8E8
Harris_Left,0x8E9
Harris_Right,0x8EA
Carter_Stop_Down,0x8EB
Carter_Stop_Base,0x8EC
Carter_Stop_Left,0x8ED
Carter_Stop_Right,0x8EE
Carter_Down,0x8EF
Carter_Base,0x8F0
Carter_Left,0x8F1
Carter_Right,0x8F2
Rabbit_Down,0x8F3
Rabbit_Down_2,0x8F4
Rabbit_Base,0x8F5
Rabbit_Left,0x8F6
Rabbit_Right,0x8F7
Rabbit_Jump_Down,0x8F8
Rabbit_Jump_Base,0x8F9
Rabbit_Jump_Left,0x8FA
Rabbit_Jump_Right,0x8FB
Bug_Flye_1,0x8FC
Bug_Flye_2,0x8FD
Bug_Flye_3,0x8FE
Bug_Flye_4,0x8FF
Bug_Stop,0x900
Kai_Stop_Down,0x901
Kai_Stop_Base,0x902
Kai_Stop_Left,0x903
Kai_Stop_Right,0x904
Kai_Down,0x905
Kai_Base,0x906
Kai_Left,0x907
Kai_Right,0x908
Kai_Hands_Down,0x909
Kai_Hands_Base,0x90A
Kai_Hands_Left,0x90B
Kai_Hands_Right,0x90C
Kai_Weedig_Stop_Down,0x90D
Kai_Weedig_Stop_Base,0x90E
Kai_Weedig_Stop_Left,0x90F
Kai_Weedig_Stop_Right,0x910
Kai_Weedig_Down,0x911
Kai_Weedig_Base,0x912
Kai_Weedig_Left,0x913
Kai_Weedig_Right,0x914
Kai_Weedig_Kiss_Down,0x915
Kai_Weedig_Kiss_Base,0x916
Kai_Weedig_Kiss_Left,0x917
Kai_Weedig_Kiss_Right,0x918
Padding_44,0x919
Padding_45,0x91A
Padding_46,0x91B
Sheep_Stop_Down,0x91C
Sheep_Stop_Base,0x91D
Sheep_Stop_Left,0x91E
Sheep_Stop_Right,0x91F
Sheep_Down,0x920
Sheep_Base,0x921
Sheep_Left,0x922
Sheep_Right,0x923
Sheep_Eating_Down,0x924
Sheep_Eating_Base,0x925
Sheep_Eating_Left,0x926
Sheep_Eating_Right,0x927
Sheep_Sleeping_Down,0x928
Sheep_Sleeping_Base,0x929
Sheep_Sleeping_Left,0x92A
Sheep_Sleeping_Right,0x92B
Sheep_Deep_Sleeping_Down,0x92C
Sheep_Deep_Sleeping_Base,0x92D
Sheep_Deep_Sleeping_Left,0x92E
Sheep_Deep_Sleeping_Right,0x92F
Sheep_Happy_Down,0x930
Sheep_Happy_Base,0x931
Sheep_Happy_Left,0x932
Sheep_Happy_Right,0x933
Sheep_Normal_Down,0x934
Sheep_Normal_Base,0x935
Sheep_Normal_Left,0x936
Sheep_Normal_Right,0x937
Sheep_Sheared_Stop_Down,0x938
Sheep_Sheared_Stop_Base,0x939
Sheep_Sheared_Stop_Left,0x93A
Sheep_Sheared_Stop_Right,0x93B
Sheep_Sheared_Down,0x93C
Sheep_Sheared_Base,0x93D
Sheep_Sheared_Left,0x93E
Sheep_Sheared_Right,0x93F
Sheep_Sheared_Eating_Down,0x940
Sheep_Sheared_Eating_Base,0x941
Sheep_Sheared_Eating_Left,0x942
Sheep_Sheared_Eating_Right,0x943
Sheep_Sheared_Sleeping_Down,0x944
Sheep_Sheared_Sleeping_Base,0x945
Sheep_Sheared_Sleeping_Left,0x946
Sheep_Sheared_Sleeping_Right,0x947
Sheep_Sheared_Deep_Sleeping_Down,0x948
Sheep_Sheared_Deep_Sleeping_Base,0x949
Sheep_Sheared_Deep_Sleeping_Left,0x94A
Sheep_Sheared_Deep_Sleeping_Right,0x94B
Sheep_Sheared_Happy_Down,0x94C
Sheep_Sheared_Happy_Base,0x94D
Sheep_Sheared_Happy_Left,0x94E
Sheep_Sheared_Happy_Right,0x94F
Sheep_Sheared_Normal_Down,0x950
Sheep_Sheared_Normal_Base,0x951
Sheep_Sheared_Normal_Left,0x952
Sheep_Sheared_Normal_Right,0x953
Sheep_2_Stop_Down,0x954
Sheep_2_Stop_Base,0x955
Sheep_2_Stop_Left,0x956
Sheep_2_Stop_Right,0x957
Sheep_2_Eating_Down,0x95C
Sheep_2_Eating_Base,0x95D
Sheep_2_Eating_Left,0x95E
Sheep_2_Eating_Right,0x95F
Sheep_2_Sleeping_Down,0x960
Sheep_2_Sleeping_Base,0x961
Sheep_2_Sleeping_Left,0x962
Sheep_2_Sleeping_Right,0x963
Sheep_2_Deep_Sleeping_Down,0x964
Sheep_2_Deep_Sleeping_Base,0x965
Sheep__Deep_Sleeping_Left,0x966
Sheep_2_Deep_Sleeping_Right,0x967
Sheep_2_Happy_Down,0x968
Sheep_2_Happy_Base,0x969
Sheep_2_Happy_Left,0x96A
Sheep_2_Happy_Right,0x96B
Baby_Sheep_Stop_Down,0x97C
Baby_Sheep_Stop_Base,0x97D
Baby_Sheep_Stop_Left,0x97E
Baby_Sheep_Stop_Right,0x97F
Baby_Sheep_Down,0x970
Baby_Sheep_Base,0x971
Baby_Sheep_Left,0x972
Baby_Sheep_Right,0x973
Baby_Sheep_Eating_Down,0x974
Baby_Sheep_Eating_Base,0x975
Baby_Sheep_Eating_Left,0x976
Baby_Sheep_Eating_Right,0x977
Baby_Sheep_Sleeping_Down,0x978
Baby_Sheep_Sleeping_Base,0x979
Baby_Sheep_Sleeping_Left,0x97A
Baby_Sheep_Sleeping_Right,0x97B
Baby_Sheep_Deep_Sleeping_Down,0x980
Baby_Sheep_Deep_Sleeping_Base,0x981
Baby_Sheep_Deep_Sleeping_Left,0x982
Baby_Sheep_Deep_Sleeping_Right,0x983
Baby_Sheep_Happy_Down,0x984
Baby_Sheep_Happy_Base,0x985
Baby_Sheep_Happy_Left,0x986
Baby_Sheep_Happy_Right,0x987
Gray_Stop_Down,0x988
Gray_Stop_Base,0x989
Gray_Stop_Left,0x98A
Gray_Stop_Right,0x98B
Gray_Down,0x98C
Gray_Base,0x98D
Gray_Left,0x98E
Gray_Right,0x98F
Gray_Hands_Down,0x990
Gray_Hands_Base,0x991
Gray_Hands_Left,0x992
Gray_Hands_Right,0x993
Gray_Weeding_Stop_Down,0x994
Gray_Weeding_Stop_Base,0x995
Gray_Weeding_Stop_Left,0x996
Gray_Weeding_Stop_Right,0x997
Gray_Weeding_Down,0x998
Gray_Weeding_Base,0x999
Gray_Weeding_Left,0x99A
Gray_Weeding_Right,0x99B
Gray_Weeding_Kiss_1,0x99C
Gray_Weeding_Kiss_2,0x99D
Gray_Weeding_Kiss_3,0x99E
Gray_Weeding_Kiss_4,0x99F
Saibara_Stop_Down,0x9A0
Saibara_Stop_Base,0x9A1
Saibara_Stop_Left,0x9A2
Saibara_Stop_Right,0x9A3
Saibara_Down,0x9A4
Saibara_Base,0x9A5
Saibara_Left,0x9A6
Saibara_Right,0x9A7
Snake_Down,0x9A8
Snake_Base,0x9A9
Snake_Left,0x9AA
Snake_Right,0x9AB
Snake_Stop,09AC
Duck_Baby_Down,09AD
Duck_Baby_Base,09AE
Duck_Baby_Left,09AF
Duck_Baby_Right,09B0
Duck_Baby_Stop_Down,09B1
Duck_Baby_Stop_Base,09B2
Duck_Baby_Stop_Left,09B3
Duck_Baby_Stop_Right,09B4
Squirrel_Stop_Down,09B5
Squirrel_Stop_Base,09B6
Squirrel_Stop_Left,09B7
Squirrel_Stop_Right,09B8
Squirrel_Down,09B9
Squirrel_Base,09BA
Squirrel_Left,09BB
Squirrel_Right,09BC
Squirrel_Stop,09BD
Savagge_Dog_Stop_Down,09BE
Savagge_Dog_Stop_Base,09BF
Savagge_Dog_Stop_Left,09C0
Savagge_Dog_Stop_Right,09C1
Savagge_Dog_Down,09C2
Savagge_Dog_Base,09C3
Savagge_Dog_Left,09C4
Savagge_Dog_Right,09C5
Savagge_Dog_Runing_Down,09C6
Savagge_Dog_Runing_Base,09C7
Savagge_Dog_Runing_Left,09C8
Savagge_Dog_Runing_Right,09C9
Savagge_Dog_Barking_Down,09CA
Savagge_Dog_Barking_Base,09CB
Savagge_Dog_Barking_Left,09CC
Savagge_Dog_Barking_Right,09CD
Savage_Dog_Scared_Down,09CE
Savage_Dog_Scared_Base,09CF
Savage_Dog_Scared_Left,09D0
Savage_Dog_Scared_Right,09D1
Gotz_Stop_Down,09D2
Gotz_Stop_Base,09D3
Gotz_Stop_Left,09D4
Gotz_Stop_Right,09D5
Gotz_Down,09D6
Gotz_Base,09D7
Gotz_Left,09D8
Gotz_Right,09D9
Gotz_Hands_Down,09DA
Gotz_Hands_Base,09DB
Gotz_Hands_Left,09DC
Gotz_Hands_Right,09DD
Gotz_Working_Down,09DE
Gotz_Working_Base,09DF
Gotz_Working_Left,09E0
Gotz_Working_Right,09E1
Gotz_Working2_Down,09E2
Gotz_Working2_Base,09E3
Gotz_Working2_Left,09E4
Gotz_Working2_Right,09E5
May_Stop_Down,09E6
May_Stop_Base,09E7
May_Stop_Left,09E8
May_Stop_Right,09E9
May_Down,09EA
May_Base,09EB
May_Left,09EC
May_Right,09ED
Barley_Stop_Down,09EE
Barley_Stop_Base,09EF
Barley_Stop_Left,09F0
Barley_Stop_Right,09F1
Barley_Down,09F2
Barley_Base,09F3
Barley_Left,09F4
Barley_Right,09F5



