Event_Name,ID
Unknow_Event_1,1
Unknow_Event_2,2
Unknow_Event_3,3
Unknow_Event_4,4
Unknow_Event_5,5
Unknow_Event_6,6
Unknow_Event_7,7
Unknow_Event_8,8
Unknow_Event_9,9
Unknow_Event_10,10
Unknow_Event_11,11
Unknow_Event_12,12
Unknow_Event_13,13
Unknow_Event_14,14
Unknow_Event_15,15
Unknow_Event_16,16
Unknow_Event_17,17
Unknow_Event_18,18
Unknow_Event_19,19
Unknow_Event_20,20
Unknow_Event_21,21
Unknow_Event_22,22
Unknow_Event_23,23
Unknow_Event_24,24
Unknow_Event_25,25
Unknow_Event_26,26
Unknow_Event_27,27
Unknow_Event_28,28
Unknow_Event_29,29
Unknow_Event_30,30
Unknow_Event_31,31
Unknow_Event_32,32
Unknow_Event_33,33
Unknow_Event_34,34
Unknow_Event_35,35
Unknow_Event_36,36
Unknow_Event_37,37
Unknow_Event_38,38
Unknow_Event_39,39
Unknow_Event_40,40
Unknow_Event_41,41
Unknow_Event_42,42
Unknow_Event_43,43
Unknow_Event_44,44
Unknow_Event_45,45
Unknow_Event_46,46
Unknow_Event_47,47
Unknow_Event_48,48
Unknow_Event_49,49
Unknow_Event_50,50
Unknow_Event_51,51
Unknow_Event_52,52
Unknow_Event_53,53
Unknow_Event_54,54
Unknow_Event_55,55
Unknow_Event_56,56
Unknow_Event_57,57
Unknow_Event_58,58
Unknow_Event_59,59
Unknow_Event_60,60
Unknow_Event_61,61
Unknow_Event_62,62
Unknow_Event_63,63
Unknow_Event_64,64
Unknow_Event_65,65
Unknow_Event_66,66
Unknow_Event_67,67
Unknow_Event_68,68
Unknow_Event_69,69
Unknow_Event_70,70
Unknow_Event_71,71
Unknow_Event_72,72
Unknow_Event_73,73
Unknow_Event_74,74
Unknow_Event_75,75
Unknow_Event_76,76
Unknow_Event_77,77
Unknow_Event_78,78
Unknow_Event_79,79
Unknow_Event_80,80
Unknow_Event_81,81
Unknow_Event_82,82
Unknow_Event_83,83
Unknow_Event_84,84
Unknow_Event_85,85
Unknow_Event_86,86
Unknow_Event_87,87
Unknow_Event_88,88
Unknow_Event_89,89
Unknow_Event_90,90
Unknow_Event_91,91
Unknow_Event_92,92
Unknow_Event_93,93
Unknow_Event_94,94
Unknow_Event_95,95
Unknow_Event_96,96
Unknow_Event_97,97
Unknow_Event_98,98
Unknow_Event_99,99
Unknow_Event_100,100
Unknow_Event_101,101
Unknow_Event_102,102
Unknow_Event_103,103
Unknow_Event_104,104
Unknow_Event_105,105
Unknow_Event_106,106
Unknow_Event_107,107
Unknow_Event_108,108
Unknow_Event_109,109
Unknow_Event_110,110
Unknow_Event_111,111
Unknow_Event_112,112
Unknow_Event_113,113
Unknow_Event_114,114
Unknow_Event_115,115
Unknow_Event_116,116
Unknow_Event_117,117
Unknow_Event_118,118
Unknow_Event_119,119
Unknow_Event_120,120
Unknow_Event_121,121
Unknow_Event_122,122
Unknow_Event_123,123
Unknow_Event_124,124
Unknow_Event_125,125
Unknow_Event_126,126
Unknow_Event_127,127
Unknow_Event_128,128
Unknow_Event_129,129
Unknow_Event_130,130
Unknow_Event_131,131
Unknow_Event_132,132
Unknow_Event_133,133
Unknow_Event_134,134
Unknow_Event_135,135
Unknow_Event_136,136
Unknow_Event_137,137
Unknow_Event_138,138
Unknow_Event_139,139
Unknow_Event_140,140
Unknow_Event_141,141
Unknow_Event_142,142
Unknow_Event_143,143
Unknow_Event_144,144
Unknow_Event_145,145
Unknow_Event_146,146
Unknow_Event_147,147
Unknow_Event_148,148
Unknow_Event_149,149
Unknow_Event_150,150
Unknow_Event_151,151
Unknow_Event_152,152
Unknow_Event_153,153
Unknow_Event_154,154
Unknow_Event_155,155
Unknow_Event_156,156
Unknow_Event_157,157
Unknow_Event_158,158
Unknow_Event_159,159
Unknow_Event_160,160
Unknow_Event_161,161
Unknow_Event_162,162
Unknow_Event_163,163
Unknow_Event_164,164
Unknow_Event_165,165
Unknow_Event_166,166
Unknow_Event_167,167
Unknow_Event_168,168
Unknow_Event_169,169
Unknow_Event_170,170
Unknow_Event_171,171
Unknow_Event_172,172
Unknow_Event_173,173
Unknow_Event_174,174
Unknow_Event_175,175
Unknow_Event_176,176
Unknow_Event_177,177
Unknow_Event_178,178
Unknow_Event_179,179
Unknow_Event_180,180
Unknow_Event_181,181
Unknow_Event_182,182
Unknow_Event_183,183
Unknow_Event_184,184
Unknow_Event_185,185
Unknow_Event_186,186
Unknow_Event_187,187
Unknow_Event_188,188
Unknow_Event_189,189
Unknow_Event_190,190
Unknow_Event_191,191
Unknow_Event_192,192
Unknow_Event_193,193
Unknow_Event_194,194
Unknow_Event_195,195
Unknow_Event_196,196
Unknow_Event_197,197
Unknow_Event_198,198
Unknow_Event_199,199
Unknow_Event_200,200
Unknow_Event_201,201
Unknow_Event_202,202
Unknow_Event_203,203
Unknow_Event_204,204
Unknow_Event_205,205
Unknow_Event_206,206
Unknow_Event_207,207
Unknow_Event_208,208
Unknow_Event_209,209
Unknow_Event_210,210
Unknow_Event_211,211
Unknow_Event_212,212
Unknow_Event_213,213
Unknow_Event_214,214
Unknow_Event_215,215
Unknow_Event_216,216
Unknow_Event_217,217
Unknow_Event_218,218
Unknow_Event_219,219
Unknow_Event_220,220
Unknow_Event_221,221
Unknow_Event_222,222
Unknow_Event_223,223
Unknow_Event_224,224
Unknow_Event_225,225
Unknow_Event_226,226
Unknow_Event_227,227
Unknow_Event_228,228
Unknow_Event_229,229
Unknow_Event_230,230
Unknow_Event_231,231
Unknow_Event_232,232
Unknow_Event_233,233
Unknow_Event_234,234
Unknow_Event_235,235
Unknow_Event_236,236
Unknow_Event_237,237
Unknow_Event_238,238
Unknow_Event_239,239
Unknow_Event_240,240
Unknow_Event_241,241
Unknow_Event_242,242
Unknow_Event_243,243
Unknow_Event_244,244
Unknow_Event_245,245
Unknow_Event_246,246
Unknow_Event_247,247
Unknow_Event_248,248
Unknow_Event_249,249
Unknow_Event_250,250
Unknow_Event_251,251
Unknow_Event_252,252
Unknow_Event_253,253
Unknow_Event_254,254
Unknow_Event_255,255
Unknow_Event_256,256
Unknow_Event_257,257
Unknow_Event_258,258
Unknow_Event_259,259
Unknow_Event_260,260
Unknow_Event_261,261
Unknow_Event_262,262
Unknow_Event_263,263
Unknow_Event_264,264
Unknow_Event_265,265
Unknow_Event_266,266
Unknow_Event_267,267
Unknow_Event_268,268
Unknow_Event_269,269
Unknow_Event_270,270
Unknow_Event_271,271
Unknow_Event_272,272
Unknow_Event_273,273
Unknow_Event_274,274
Unknow_Event_275,275
Unknow_Event_276,276
Unknow_Event_277,277
Unknow_Event_278,278
Unknow_Event_279,279
Unknow_Event_280,280
Unknow_Event_281,281
Unknow_Event_282,282
Unknow_Event_283,283
Unknow_Event_284,284
Unknow_Event_285,285
Unknow_Event_286,286
Unknow_Event_287,287
Unknow_Event_288,288
Unknow_Event_289,289
Unknow_Event_290,290
Unknow_Event_291,291
Unknow_Event_292,292
Unknow_Event_293,293
Unknow_Event_294,294
Unknow_Event_295,295
Unknow_Event_296,296
Unknow_Event_297,297
Unknow_Event_298,298
Unknow_Event_299,299
Unknow_Event_300,300
Unknow_Event_301,301
Unknow_Event_302,302
Unknow_Event_303,303
Unknow_Event_304,304
Unknow_Event_305,305
Unknow_Event_306,306
Unknow_Event_307,307
Unknow_Event_308,308
Unknow_Event_309,309
Unknow_Event_310,310
Unknow_Event_311,311
Unknow_Event_312,312
Unknow_Event_313,313
Unknow_Event_314,314
Unknow_Event_315,315
Unknow_Event_316,316
Unknow_Event_317,317
Unknow_Event_318,318
Unknow_Event_319,319
Unknow_Event_320,320
Unknow_Event_321,321
Unknow_Event_322,322
Unknow_Event_323,323
Unknow_Event_324,324
Unknow_Event_325,325
Unknow_Event_326,326
Unknow_Event_327,327
Unknow_Event_328,328
Unknow_Event_329,329
Unknow_Event_330,330
Unknow_Event_331,331
Unknow_Event_332,332
Unknow_Event_333,333
Unknow_Event_334,334
Unknow_Event_335,335
Unknow_Event_336,336
Unknow_Event_337,337
Unknow_Event_338,338
Unknow_Event_339,339
Unknow_Event_340,340
Unknow_Event_341,341
Unknow_Event_342,342
Unknow_Event_343,343
Unknow_Event_344,344
Unknow_Event_345,345
Unknow_Event_346,346
Unknow_Event_347,347
Unknow_Event_348,348
Unknow_Event_349,349
Unknow_Event_350,350
Unknow_Event_351,351
Unknow_Event_352,352
Unknow_Event_353,353
Unknow_Event_354,354
Unknow_Event_355,355
Unknow_Event_356,356
Unknow_Event_357,357
Unknow_Event_358,358
Unknow_Event_359,359
Unknow_Event_360,360
Unknow_Event_361,361
Unknow_Event_362,362
Unknow_Event_363,363
Unknow_Event_364,364
Unknow_Event_365,365
Unknow_Event_366,366
Unknow_Event_367,367
Unknow_Event_368,368
Unknow_Event_369,369
Unknow_Event_370,370
Unknow_Event_371,371
Unknow_Event_372,372
Unknow_Event_373,373
Unknow_Event_374,374
Unknow_Event_375,375
Unknow_Event_376,376
Unknow_Event_377,377
Unknow_Event_378,378
Unknow_Event_379,379
Unknow_Event_380,380
Unknow_Event_381,381
Unknow_Event_382,382
Unknow_Event_383,383
Unknow_Event_384,384
Unknow_Event_385,385
Unknow_Event_386,386
Unknow_Event_387,387
Unknow_Event_388,388
Unknow_Event_389,389
Unknow_Event_390,390
Unknow_Event_391,391
Unknow_Event_392,392
Unknow_Event_393,393
Unknow_Event_394,394
Unknow_Event_395,395
Unknow_Event_396,396
Unknow_Event_397,397
Unknow_Event_398,398
Unknow_Event_399,399
Unknow_Event_400,400
Unknow_Event_401,401
Unknow_Event_402,402
Unknow_Event_403,403
Unknow_Event_404,404
Unknow_Event_405,405
Unknow_Event_406,406
Unknow_Event_407,407
Unknow_Event_408,408
Unknow_Event_409,409
Unknow_Event_410,410
Unknow_Event_411,411
Unknow_Event_412,412
Unknow_Event_413,413
Unknow_Event_414,414
Unknow_Event_415,415
Unknow_Event_416,416
Unknow_Event_417,417
Unknow_Event_418,418
Unknow_Event_419,419
Unknow_Event_420,420
Unknow_Event_421,421
Unknow_Event_422,422
Unknow_Event_423,423
Unknow_Event_424,424
Unknow_Event_425,425
Unknow_Event_426,426
Unknow_Event_427,427
Unknow_Event_428,428
Unknow_Event_429,429
Unknow_Event_430,430
Unknow_Event_431,431
Unknow_Event_432,432
Unknow_Event_433,433
Unknow_Event_434,434
Unknow_Event_435,435
Unknow_Event_436,436
Unknow_Event_437,437
Unknow_Event_438,438
Unknow_Event_439,439
Unknow_Event_440,440
Unknow_Event_441,441
Unknow_Event_442,442
Unknow_Event_443,443
Unknow_Event_444,444
Unknow_Event_445,445
Unknow_Event_446,446
Unknow_Event_447,447
Unknow_Event_448,448
Unknow_Event_449,449
Unknow_Event_450,450
Unknow_Event_451,451
Unknow_Event_452,452
Unknow_Event_453,453
Unknow_Event_454,454
Unknow_Event_455,455
Unknow_Event_456,456
Unknow_Event_457,457
Unknow_Event_458,458
Unknow_Event_459,459
Unknow_Event_460,460
Unknow_Event_461,461
Unknow_Event_462,462
Unknow_Event_463,463
Unknow_Event_464,464
Unknow_Event_465,465
Unknow_Event_466,466
Unknow_Event_467,467
Unknow_Event_468,468
Unknow_Event_469,469
Unknow_Event_470,470
Unknow_Event_471,471
Unknow_Event_472,472
Unknow_Event_473,473
Unknow_Event_474,474
Unknow_Event_475,475
Unknow_Event_476,476
Unknow_Event_477,477
Unknow_Event_478,478
Unknow_Event_479,479
Unknow_Event_480,480
Unknow_Event_481,481
Unknow_Event_482,482
Unknow_Event_483,483
Unknow_Event_484,484
Unknow_Event_485,485
Unknow_Event_486,486
Unknow_Event_487,487
Unknow_Event_488,488
Unknow_Event_489,489
Unknow_Event_490,490
Unknow_Event_491,491
Unknow_Event_492,492
Unknow_Event_493,493
Unknow_Event_494,494
Unknow_Event_495,495
Unknow_Event_496,496
Unknow_Event_497,497
Unknow_Event_498,498
Unknow_Event_499,499
Unknow_Event_500,500
Unknow_Event_501,501
Unknow_Event_502,502
Unknow_Event_503,503
Unknow_Event_504,504
Unknow_Event_505,505
Unknow_Event_506,506
Unknow_Event_507,507
Unknow_Event_508,508
Unknow_Event_509,509
Unknow_Event_510,510
Unknow_Event_511,511
Unknow_Event_512,512
Unknow_Event_513,513
Unknow_Event_514,514
Unknow_Event_515,515
Unknow_Event_516,516
Unknow_Event_517,517
Unknow_Event_518,518
Unknow_Event_519,519
Unknow_Event_520,520
Unknow_Event_521,521
Unknow_Event_522,522
Unknow_Event_523,523
Unknow_Event_524,524
Unknow_Event_525,525
Unknow_Event_526,526
Unknow_Event_527,527
Unknow_Event_528,528
Unknow_Event_529,529
Unknow_Event_530,530
Unknow_Event_531,531
Unknow_Event_532,532
Unknow_Event_533,533
Unknow_Event_534,534
Unknow_Event_535,535
Unknow_Event_536,536
Unknow_Event_537,537
Unknow_Event_538,538
Unknow_Event_539,539
Unknow_Event_540,540
Unknow_Event_541,541
Unknow_Event_542,542
Unknow_Event_543,543
Unknow_Event_544,544
Unknow_Event_545,545
Unknow_Event_546,546
Unknow_Event_547,547
Unknow_Event_548,548
Unknow_Event_549,549
Unknow_Event_550,550
Unknow_Event_551,551
Unknow_Event_552,552
Unknow_Event_553,553
Unknow_Event_554,554
Unknow_Event_555,555
Unknow_Event_556,556
Unknow_Event_557,557
Unknow_Event_558,558
Unknow_Event_559,559
Unknow_Event_560,560
Unknow_Event_561,561
Unknow_Event_562,562
Unknow_Event_563,563
Unknow_Event_564,564
Unknow_Event_565,565
Unknow_Event_566,566
Unknow_Event_567,567
Unknow_Event_568,568
Unknow_Event_569,569
Unknow_Event_570,570
Unknow_Event_571,571
Unknow_Event_572,572
Unknow_Event_573,573
Unknow_Event_574,574
Unknow_Event_575,575
Unknow_Event_576,576
Unknow_Event_577,577
Unknow_Event_578,578
Unknow_Event_579,579
Unknow_Event_580,580
Unknow_Event_581,581
Unknow_Event_582,582
Unknow_Event_583,583
Unknow_Event_584,584
Unknow_Event_585,585
Unknow_Event_586,586
Unknow_Event_587,587
Unknow_Event_588,588
Unknow_Event_589,589
Unknow_Event_590,590
Unknow_Event_591,591
Unknow_Event_592,592
Unknow_Event_593,593
Unknow_Event_594,594
Unknow_Event_595,595
Unknow_Event_596,596
Unknow_Event_597,597
Unknow_Event_598,598
Unknow_Event_599,599
Unknow_Event_600,600
Unknow_Event_601,601
Unknow_Event_602,602
Unknow_Event_603,603
Unknow_Event_604,604
Unknow_Event_605,605
Unknow_Event_606,606
Unknow_Event_607,607
Unknow_Event_608,608
Unknow_Event_609,609
Unknow_Event_610,610
Unknow_Event_611,611
Unknow_Event_612,612
Unknow_Event_613,613
Unknow_Event_614,614
Unknow_Event_615,615
Unknow_Event_616,616
Unknow_Event_617,617
Unknow_Event_618,618
Unknow_Event_619,619
Unknow_Event_620,620
Unknow_Event_621,621
Unknow_Event_622,622
Unknow_Event_623,623
Unknow_Event_624,624
Unknow_Event_625,625
Unknow_Event_626,626
Unknow_Event_627,627
Unknow_Event_628,628
Unknow_Event_629,629
Unknow_Event_630,630
Unknow_Event_631,631
Unknow_Event_632,632
Unknow_Event_633,633
Unknow_Event_634,634
Unknow_Event_635,635
Unknow_Event_636,636
Unknow_Event_637,637
Unknow_Event_638,638
Unknow_Event_639,639
Unknow_Event_640,640
Unknow_Event_641,641
Unknow_Event_642,642
Unknow_Event_643,643
Unknow_Event_644,644
Unknow_Event_645,645
Unknow_Event_646,646
Unknow_Event_647,647
Unknow_Event_648,648
Unknow_Event_649,649
Unknow_Event_650,650
Unknow_Event_651,651
Unknow_Event_652,652
Unknow_Event_653,653
Unknow_Event_654,654
Unknow_Event_655,655
Unknow_Event_656,656
Unknow_Event_657,657
Unknow_Event_658,658
Unknow_Event_659,659
Unknow_Event_660,660
Unknow_Event_661,661
Unknow_Event_662,662
Unknow_Event_663,663
Unknow_Event_664,664
Unknow_Event_665,665
Unknow_Event_666,666
Unknow_Event_667,667
Unknow_Event_668,668
Unknow_Event_669,669
Unknow_Event_670,670
Unknow_Event_671,671
Unknow_Event_672,672
Unknow_Event_673,673
Unknow_Event_674,674
Unknow_Event_675,675
Unknow_Event_676,676
Unknow_Event_677,677
Unknow_Event_678,678
Unknow_Event_679,679
Unknow_Event_680,680
Unknow_Event_681,681
Unknow_Event_682,682
Unknow_Event_683,683
Unknow_Event_684,684
Unknow_Event_685,685
Unknow_Event_686,686
Unknow_Event_687,687
Unknow_Event_688,688
Unknow_Event_689,689
Unknow_Event_690,690
Unknow_Event_691,691
Unknow_Event_692,692
Unknow_Event_693,693
Unknow_Event_694,694
Unknow_Event_695,695
Unknow_Event_696,696
Unknow_Event_697,697
Unknow_Event_698,698
Unknow_Event_699,699
Unknow_Event_700,700
Unknow_Event_701,701
Unknow_Event_702,702
Unknow_Event_703,703
Unknow_Event_704,704
Unknow_Event_705,705
Unknow_Event_706,706
Unknow_Event_707,707
Unknow_Event_708,708
Unknow_Event_709,709
Unknow_Event_710,710
Unknow_Event_711,711
Unknow_Event_712,712
Unknow_Event_713,713
Unknow_Event_714,714
Unknow_Event_715,715
Unknow_Event_716,716
Unknow_Event_717,717
Unknow_Event_718,718
Unknow_Event_719,719
Unknow_Event_720,720
Unknow_Event_721,721
Unknow_Event_722,722
Unknow_Event_723,723
Unknow_Event_724,724
Unknow_Event_725,725
Unknow_Event_726,726
Unknow_Event_727,727
Unknow_Event_728,728
Unknow_Event_729,729
Unknow_Event_730,730
Unknow_Event_731,731
Unknow_Event_732,732
Unknow_Event_733,733
Unknow_Event_734,734
Unknow_Event_735,735
Unknow_Event_736,736
Unknow_Event_737,737
Unknow_Event_738,738
Unknow_Event_739,739
Unknow_Event_740,740
Unknow_Event_741,741
Unknow_Event_742,742
Unknow_Event_743,743
Unknow_Event_744,744
Unknow_Event_745,745
Unknow_Event_746,746
Unknow_Event_747,747
Unknow_Event_748,748
Unknow_Event_749,749
Unknow_Event_750,750
Unknow_Event_751,751
Unknow_Event_752,752
Unknow_Event_753,753
Unknow_Event_754,754
Unknow_Event_755,755
Unknow_Event_756,756
Unknow_Event_757,757
Unknow_Event_758,758
Unknow_Event_759,759
Unknow_Event_760,760
Unknow_Event_761,761
Unknow_Event_762,762
Unknow_Event_763,763
Unknow_Event_764,764
Unknow_Event_765,765
Unknow_Event_766,766
Unknow_Event_767,767
Unknow_Event_768,768
Unknow_Event_769,769
Unknow_Event_770,770
Unknow_Event_771,771
Unknow_Event_772,772
Unknow_Event_773,773
Unknow_Event_774,774
Unknow_Event_775,775
Unknow_Event_776,776
Unknow_Event_777,777
Unknow_Event_778,778
Unknow_Event_779,779
Unknow_Event_780,780
Unknow_Event_781,781
Unknow_Event_782,782
Unknow_Event_783,783
Unknow_Event_784,784
Unknow_Event_785,785
Unknow_Event_786,786
Unknow_Event_787,787
Unknow_Event_788,788
Unknow_Event_789,789
Unknow_Event_790,790
Unknow_Event_791,791
Unknow_Event_792,792
Unknow_Event_793,793
Unknow_Event_794,794
Unknow_Event_795,795
Unknow_Event_796,796
Unknow_Event_797,797
Unknow_Event_798,798
Unknow_Event_799,799
Unknow_Event_800,800
Unknow_Event_801,801
Unknow_Event_802,802
Unknow_Event_803,803
Unknow_Event_804,804
Unknow_Event_805,805
Unknow_Event_806,806
Unknow_Event_807,807
Unknow_Event_808,808
Unknow_Event_809,809
Unknow_Event_810,810
Unknow_Event_811,811
Unknow_Event_812,812
Unknow_Event_813,813
Unknow_Event_814,814
Unknow_Event_815,815
Unknow_Event_816,816
Unknow_Event_817,817
Unknow_Event_818,818
Golden_Lumber_Retribition,819
Unknow_Event_820,820
Unknow_Event_821,821
Unknow_Event_822,822
Unknow_Event_823,823
Unknow_Event_824,824
Unknow_Event_825,825
Unknow_Event_826,826
Unknow_Event_827,827
Unknow_Event_828,828
Unknow_Event_829,829
Unknow_Event_830,830
Unknow_Event_831,831
Unknow_Event_832,832
Unknow_Event_833,833
Unknow_Event_834,834
Unknow_Event_835,835
Unknow_Event_836,836
Unknow_Event_837,837
Unknow_Event_838,838
Unknow_Event_839,839
Unknow_Event_840,840
Unknow_Event_841,841
Unknow_Event_842,842
Unknow_Event_843,843
Unknow_Event_844,844
Unknow_Event_845,845
Unknow_Event_846,846
Unknow_Event_847,847
Unknow_Event_848,848
Unknow_Event_849,849
Unknow_Event_850,850
Unknow_Event_851,851
Unknow_Event_852,852
Unknow_Event_853,853
Unknow_Event_854,854
Unknow_Event_855,855
Unknow_Event_856,856
Unknow_Event_857,857
Unknow_Event_858,858
Unknow_Event_859,859
Unknow_Event_860,860
Unknow_Event_861,861
Unknow_Event_862,862
Unknow_Event_863,863
Unknow_Event_864,864
Unknow_Event_865,865
Unknow_Event_866,866
Unknow_Event_867,867
Unknow_Event_868,868
Unknow_Event_869,869
Unknow_Event_870,870
Unknow_Event_871,871
Unknow_Event_872,872
Unknow_Event_873,873
Unknow_Event_874,874
Unknow_Event_875,875
Unknow_Event_876,876
Unknow_Event_877,877
Unknow_Event_878,878
Unknow_Event_879,879
Unknow_Event_880,880
Unknow_Event_881,881
Unknow_Event_882,882
Unknow_Event_883,883
Unknow_Event_884,884
Unknow_Event_885,885
Unknow_Event_886,886
Unknow_Event_887,887
Unknow_Event_888,888
Unknow_Event_889,889
Unknow_Event_890,890
Unknow_Event_891,891
Unknow_Event_892,892
Unknow_Event_893,893
Unknow_Event_894,894
Unknow_Event_895,895
Unknow_Event_896,896
Unknow_Event_897,897
Unknow_Event_898,898
Unknow_Event_899,899
Unknow_Event_900,900
Unknow_Event_901,901
Unknow_Event_902,902
Unknow_Event_903,903
Unknow_Event_904,904
Unknow_Event_905,905
Unknow_Event_906,906
Unknow_Event_907,907
Unknow_Event_908,908
Unknow_Event_909,909
Unknow_Event_910,910
Unknow_Event_911,911
Unknow_Event_912,912
Unknow_Event_913,913
Unknow_Event_914,914
Unknow_Event_915,915
Unknow_Event_916,916
Unknow_Event_917,917
Unknow_Event_918,918
Unknow_Event_919,919
Unknow_Event_920,920
Unknow_Event_921,921
Unknow_Event_922,922
Unknow_Event_923,923
Unknow_Event_924,924
Unknow_Event_925,925
Unknow_Event_926,926
Unknow_Event_927,927
Unknow_Event_928,928
Unknow_Event_929,929
Unknow_Event_930,930
Unknow_Event_931,931
Unknow_Event_932,932
Unknow_Event_933,933
Unknow_Event_934,934
Unknow_Event_935,935
Unknow_Event_936,936
Unknow_Event_937,937
Unknow_Event_938,938
Unknow_Event_939,939
Unknow_Event_940,940
Unknow_Event_941,941
Unknow_Event_942,942
Unknow_Event_943,943
Unknow_Event_944,944
Unknow_Event_945,945
Unknow_Event_946,946
Unknow_Event_947,947
Unknow_Event_948,948
Unknow_Event_949,949
Unknow_Event_950,950
Unknow_Event_951,951
Unknow_Event_952,952
Unknow_Event_953,953
Unknow_Event_954,954
Unknow_Event_955,955
Unknow_Event_956,956
Unknow_Event_957,957
Unknow_Event_958,958
Unknow_Event_959,959
Unknow_Event_960,960
Unknow_Event_961,961
Unknow_Event_962,962
Unknow_Event_963,963
Unknow_Event_964,964
Unknow_Event_965,965
Unknow_Event_966,966
Unknow_Event_967,967
Unknow_Event_968,968
Unknow_Event_969,969
Unknow_Event_970,970
Unknow_Event_971,971
Unknow_Event_972,972
Unknow_Event_973,973
Unknow_Event_974,974
Unknow_Event_975,975
Unknow_Event_976,976
Unknow_Event_977,977
Unknow_Event_978,978
Unknow_Event_979,979
Unknow_Event_980,980
Unknow_Event_981,981
Sleep_SUper_Engine,982
Morning_Engine,983
Unknow_Event_984,984
Unknow_Event_985,985
Unknow_Event_986,986
Unknow_Event_987,987
Unknow_Event_988,988
Unknow_Event_989,989
Unknow_Event_990,990
Global_Events_Engine,991
Rick_Personality,992
Popuri_Personality,993
Lilia_Personaliti,994
Child_Personality,995
CLiff_Personality,996
Zack_Personality,997
Doctor_Personality,998
Staid_Personality,999
Timid_Personality,1000
Nappy_Personality,1001
Bold_Personality,1002
Cheff_Personaliti,1003
Aqua_Personality,1004
Hoggy_Personality,1005
Ellen_Personality,1006
Jeff_Personality,1007
Karen_Personality,1008
Sasha_Personality,1009
Doug_Personality,1010
Ann_Personality,1011
Lu_Personality,1012
Basil_Personality,1013
Mary_Personality,1014
Anna_Personality,1015
Won_Personality,1016
Thomas_Personality,1017
Elli_Personality,1018
Stu_Personality,1019
Duke_Personality,1020
Manna_Personality,1021
Loun_Personality,1022
Harris_Personality,1023
Carter_Personality,1024
Kai_Personality,1025
Gray_Personality,1026
Saibara_Personality,1027
Gotz_Personality,1028
May_Personality,1029
Barley_Personality,1030
Debug_Menu,1031
ScareJump_TV444,1032
Card_Colector_TV,1033
My_Dear_Princes_Tv,1034
MasterCheff_Tv,1035
Fairy_And_Me_His_TV,1036
Fairy_And_Me_Her_TV,1037
Fishing_Hour_TV,1038
Race_TV,1039
New_Year_Lotery_TV,1040
Harvest_Goodes_Game_TV,1041
Mechas_Serie_TV,1042
Life_On_The_Farm_Advanced_TV,1043
Life_On_The_Farm_Beginner_TV,1044
Aron_Changes_TV,1045
Mechabot_Ultror_Fights_Again_TV,1046
Mechabot_Genesis_TV,1047
Npcs_Information_TV,1048
Announcements_TV,1049
Math_Lotery_TV,1050
Shopping_Channel_TV,1051
New_Year_Show_TV,1052
Star_Lily_TV,1053
St._Emerald_Academy_TV,1054
Mine_Research_Group_TV,1055
Weather_TV,1056
Weather_Disasters_TV,1057
Unknow_Event_1058,1058
Unknow_Event_1059,1059
Unknow_Event_1060,1060
Unknow_Event_1061,1061
Unknow_Event_1062,1062
Unknow_Event_1063,1063
Unknow_Event_1064,1064
Unknow_Event_1065,1065
Unknow_Event_1066,1066
Unknow_Event_1067,1067
Unknow_Event_1068,1068
Unknow_Event_1069,1069
Unknow_Event_1070,1070
Unknow_Event_1071,1071
Unknow_Event_1072,1072
Unknow_Event_1073,1073
Unknow_Event_1074,1074
Unknow_Event_1075,1075
Unknow_Event_1076,1076
Unknow_Event_1077,1077
Unknow_Event_1078,1078
Unknow_Event_1079,1079
Unknow_Event_1080,1080
Unknow_Event_1081,1081
Unknow_Event_1082,1082
Unknow_Event_1083,1083
Unknow_Event_1084,1084
Unknow_Event_1085,1085
Unknow_Event_1086,1086
Unknow_Event_1087,1087
Unknow_Event_1088,1088
Unknow_Event_1089,1089
Unknow_Event_1090,1090
Unknow_Event_1091,1091
Unknow_Event_1092,1092
Unknow_Event_1093,1093
Unknow_Event_1094,1094
Unknow_Event_1095,1095
Unknow_Event_1096,1096
Unknow_Event_1097,1097
Unknow_Event_1098,1098
Unknow_Event_1099,1099
Unknow_Event_1100,1100
Unknow_Event_1101,1101
Unknow_Event_1102,1102
Unknow_Event_1103,1103
Unknow_Event_1104,1104
Unknow_Event_1105,1105
Unknow_Event_1106,1106
Unknow_Event_1107,1107
Unknow_Event_1108,1108
Unknow_Event_1109,1109
Unknow_Event_1110,1110
Unknow_Event_1111,1111
Unknow_Event_1112,1112
Unknow_Event_1113,1113
Unknow_Event_1114,1114
Unknow_Event_1115,1115
Unknow_Event_1116,1116
Unknow_Event_1117,1117
Unknow_Event_1118,1118
Unknow_Event_1119,1119
Unknow_Event_1120,1120
Unknow_Event_1121,1121
Unknow_Event_1122,1122
Unknow_Event_1123,1123
Unknow_Event_1124,1124
Unknow_Event_1125,1125
Unknow_Event_1126,1126
Unknow_Event_1127,1127
Unknow_Event_1128,1128
Unknow_Event_1129,1129
Unknow_Event_1130,1130
Unknow_Event_1131,1131
Unknow_Event_1132,1132
Unknow_Event_1133,1133
Unknow_Event_1134,1134
Unknow_Event_1135,1135
Unknow_Event_1136,1136
Unknow_Event_1137,1137
Unknow_Event_1138,1138
Unknow_Event_1139,1139
Unknow_Event_1140,1140
Unknow_Event_1141,1141
Unknow_Event_1142,1142
Unknow_Event_1143,1143
Unknow_Event_1144,1144
Unknow_Event_1145,1145
Unknow_Event_1146,1146
Unknow_Event_1147,1147
Unknow_Event_1148,1148
Unknow_Event_1149,1149
Unknow_Event_1150,1150
Unknow_Event_1151,1151
Unknow_Event_1152,1152
Unknow_Event_1153,1153
Unknow_Event_1154,1154
Unknow_Event_1155,1155
Unknow_Event_1156,1156
Unknow_Event_1157,1157
Unknow_Event_1158,1158
Unknow_Event_1159,1159
Unknow_Event_1160,1160
Unknow_Event_1161,1161
Unknow_Event_1162,1162
Unknow_Event_1163,1163
Unknow_Event_1164,1164
Unknow_Event_1165,1165
Unknow_Event_1166,1166
Unknow_Event_1167,1167
Unknow_Event_1168,1168
Unknow_Event_1169,1169
Unknow_Event_1170,1170
Unknow_Event_1171,1171
Unknow_Event_1172,1172
Unknow_Event_1173,1173
Unknow_Event_1174,1174
Unknow_Event_1175,1175
Unknow_Event_1176,1176
Unknow_Event_1177,1177
Unknow_Event_1178,1178
Unknow_Event_1179,1179
Unknow_Event_1180,1180
Unknow_Event_1181,1181
Unknow_Event_1182,1182
Unknow_Event_1183,1183
Unknow_Event_1184,1184
Unknow_Event_1185,1185
Unknow_Event_1186,1186
Unknow_Event_1187,1187
Unknow_Event_1188,1188
Unknow_Event_1189,1189
Unknow_Event_1190,1190
Unknow_Event_1191,1191
Unknow_Event_1192,1192
Unknow_Event_1193,1193
Unknow_Event_1194,1194
Unknow_Event_1195,1195
Unknow_Event_1196,1196
Unknow_Event_1197,1197
Unknow_Event_1198,1198
Unknow_Event_1199,1199
Unknow_Event_1200,1200
Unknow_Event_1201,1201
Unknow_Event_1202,1202
Unknow_Event_1203,1203
Unknow_Event_1204,1204
Unknow_Event_1205,1205
Unknow_Event_1206,1206
Unknow_Event_1207,1207
Unknow_Event_1208,1208
Unknow_Event_1209,1209
Unknow_Event_1210,1210
Unknow_Event_1211,1211
Unknow_Event_1212,1212
Unknow_Event_1213,1213
Unknow_Event_1214,1214
Unknow_Event_1215,1215
Unknow_Event_1216,1216
Unknow_Event_1217,1217
Unknow_Event_1218,1218
Unknow_Event_1219,1219
Unknow_Event_1220,1220
Unknow_Event_1221,1221
Unknow_Event_1222,1222
Unknow_Event_1223,1223
Unknow_Event_1224,1224
Unknow_Event_1225,1225
Unknow_Event_1226,1226
Unknow_Event_1227,1227
Unknow_Event_1228,1228
Unknow_Event_1229,1229
Unknow_Event_1230,1230
Unknow_Event_1231,1231
Unknow_Event_1232,1232
Unknow_Event_1233,1233
Unknow_Event_1234,1234
Unknow_Event_1235,1235
Unknow_Event_1236,1236
Unknow_Event_1237,1237
Unknow_Event_1238,1238
Unknow_Event_1239,1239
Unknow_Event_1240,1240
Unknow_Event_1241,1241
Unknow_Event_1242,1242
Unknow_Event_1243,1243
Unknow_Event_1244,1244
Unknow_Event_1245,1245
Unknow_Event_1246,1246
Unknow_Event_1247,1247
Unknow_Event_1248,1248
Unknow_Event_1249,1249
Unknow_Event_1250,1250
Unknow_Event_1251,1251
Unknow_Event_1252,1252
Unknow_Event_1253,1253
Unknow_Event_1254,1254
Unknow_Event_1255,1255
Unknow_Event_1256,1256
Unknow_Event_1257,1257
Unknow_Event_1258,1258
Unknow_Event_1259,1259
Unknow_Event_1260,1260
Unknow_Event_1261,1261
Unknow_Event_1262,1262
Unknow_Event_1263,1263
Unknow_Event_1264,1264
Unknow_Event_1265,1265
Unknow_Event_1266,1266
Unknow_Event_1267,1267
Unknow_Event_1268,1268
Unknow_Event_1269,1269
Unknow_Event_1270,1270
Unknow_Event_1271,1271
Unknow_Event_1272,1272
Unknow_Event_1273,1273
Unknow_Event_1274,1274
Unknow_Event_1275,1275
Unknow_Event_1276,1276
Unknow_Event_1277,1277
Unknow_Event_1278,1278
Unknow_Event_1279,1279
Unknow_Event_1280,1280
Unknow_Event_1281,1281
Unknow_Event_1282,1282
Unknow_Event_1283,1283
Unknow_Event_1284,1284
Unknow_Event_1285,1285
Unknow_Event_1286,1286
Unknow_Event_1287,1287
Unknow_Event_1288,1288
Unknow_Event_1289,1289
Unknow_Event_1290,1290
Unknow_Event_1291,1291
Unknow_Event_1292,1292
Unknow_Event_1293,1293
Unknow_Event_1294,1294
Unknow_Event_1295,1295
Unknow_Event_1296,1296
Unknow_Event_1297,1297
Unknow_Event_1298,1298
Unknow_Event_1299,1299
Unknow_Event_1300,1300
Unknow_Event_1301,1301
Unknow_Event_1302,1302
Unknow_Event_1303,1303
Unknow_Event_1304,1304
Unknow_Event_1305,1305
Unknow_Event_1306,1306
Unknow_Event_1307,1307
Unknow_Event_1308,1308
Unknow_Event_1309,1309
Unknow_Event_1310,1310
Unknow_Event_1311,1311
Unknow_Event_1312,1312
Unknow_Event_1313,1313
Unknow_Event_1314,1314
Unknow_Event_1315,1315
Unknow_Event_1316,1316
Unknow_Event_1317,1317
Unknow_Event_1318,1318
Unknow_Event_1319,1319
Unknow_Event_1320,1320
Unknow_Event_1321,1321
Unknow_Event_1322,1322
Unknow_Event_1323,1323
Unknow_Event_1324,1324
Unknow_Event_1325,1325
Unknow_Event_1326,1326
Unknow_Event_1327,1327
Unknow_Event_1328,1328
