flag_id,values
0x0,checked
0x1,checked
0x2,checked
0x3,checked
0x4,checked
0x5,checked
0x6,checked
0x7,checked
0x8,checked
0x9,checked
0xa,checked
0xb,checked
0xc,checked
0xd,1
0xe,checked
0xf,checked
0x11,checked
0x12,checked
0x13,checked
0x15,checked|1
0x16,checked|1
0x17,checked|1
0x18,checked|1
0x19,checked|1
0x1a,checked|1
0x1b,checked|1
0x1c,checked|1
0x1d,checked
0x1e,checked|1
0x1f,0x15|0x1B|0x5F|checked|0x18|0x19|0x16
0x20,checked|1
0x21,checked|1
0x22,checked|1
0x23,checked|1
0x24,checked|1
0x25,checked|1
0x26,checked|1
0x27,checked|1
0x28,checked|(var_0 + 1|(var_0 - 1
0x29,(Check_Flag(0x29|checked
0x2a,checked|(Check_Flag(0x2A
0x2b,0|checked
0x2c,checked
0x2d,checked
0x2e,checked
0x2f,checked|1
0x30,checked
0x31,checked
0x32,checked
0x33,checked
0x34,checked
0x35,0|1
0x3c,checked
0x3d,checked
0x3e,checked
0x3f,checked
0x40,checked
0x41,checked
0x43,checked
0x44,checked
0x45,checked
0x46,checked|1|2
0x47,checked|1|2
0x48,0|checked|1
0x49,checked|1|2
0x4a,checked|1|2
0x4b,checked|1|2
0x4c,checked|1|2
0x4d,checked|1|2
0x4e,checked|1|2
0x4f,checked|1|2
0x50,checked|1|2
0x51,0|checked|1
0x52,checked|1|2
0x53,0|checked|1|2
0x54,checked|1|2
0x55,checked|1|2
0x56,checked|1|2
0x57,checked|1|2
0x58,checked|1|2
0x59,0|checked|1
0x5a,checked|1|2
0x5b,0|checked|1
0x5c,checked|1|2
0x5d,0|checked|1
0x5e,checked|1|2
0x5f,checked|1|2
0x60,checked|1|2
0x61,checked|1|2
0x62,checked|1|2
0x63,0|checked|1
0x64,checked|1|2
0x65,checked|1|2
0x66,checked|1|2
0x67,checked|1|2
0x68,checked|1|2
0x69,checked|1|2
0x6a,checked|1|2
0x6b,checked|1|2
0x6c,0|checked|1
0x6d,checked|1|2
0x6e,checked|1|2
0x6f,checked|1|2
0x70,checked|1|2
0x71,checked|1|2
0x72,checked|1|2
0x73,checked|1|2
0x74,checked|1|2
0x75,checked|1|2
0x76,checked|1|2
0x77,0|checked|1|2
0x78,checked|1
0x79,0|checked|1
0x7a,checked|1|2
0x7b,checked|1|2
0x7c,checked|1|2
0x7d,checked|1|2
0x7e,checked|1|2
0x7f,0|checked|1|2
0x80,checked|1
0x81,0|checked|1
0x82,checked|1|2
0x83,checked|1|2
0x84,checked|1|2
0x85,checked|1|2
0x86,checked|1|2
0x87,0|checked|1|2
0x88,checked|1
0x89,0|checked|1
0x8a,checked|1|2
0x8b,checked|1|2
0x8c,checked|1|2
0x8d,checked|1|2
0x8e,checked|1|2
0x8f,0|checked|1|2
0x90,checked|1
0x91,0|checked|1
0x92,checked|1|2
0x93,checked|1|2
0x94,checked|1|2
0x95,checked|1|2
0x96,checked|1|2
0x97,0|checked|1|2
0x98,checked|1
0x99,0|checked|1
0x9a,checked|1|2
0x9b,checked|1|2
0x9c,checked|1|2
0x9d,checked|1|2
0x9e,checked|1|2
0x9f,checked|1|2
0xa0,checked|1|2
0xa1,checked|1|2
0xa2,checked|1|2
0xa3,checked|1|2
0xa4,checked|1|2
0xa5,checked|1|2
0xa6,checked|1|2
0xa7,checked|1|2
0xa8,checked|1|2
0xa9,checked|1|2
0xaa,0|checked|1|2
0xab,checked|1|2
0xac,0|checked|1|2
0xad,checked|1|2
0xae,0|checked|1|2
0xaf,checked|1|2
0xb0,0|checked|1|2
0xb1,checked|1|2
0xb2,0|checked|1|2
0xb3,checked|1|2
0xb4,0|checked|1|2
0xb5,0|checked|1|2
0xb6,0|checked|1|2
0xb7,0|checked|1|2
0xb8,0|checked|1|2
0xb9,0|checked|1|2
0xba,0|checked|1|2
0xbb,0|checked|1|2
0xbc,0|checked|1|2
0xbd,0|checked|1|2
0xbe,0|checked|1|2
0xbf,0|checked|1|2
0xc0,0|checked|1|2
0xc1,0|checked|1|2
0xc2,0|checked|1|2
0xc3,checked|1|2
0xc4,checked|1|2
0xc5,checked|1|2
0xc6,checked|1|2
0xc7,checked|1|2
0xc8,checked|1|2
0xc9,checked|1|2
0xca,checked|1|2
0xcb,checked|1|2
0xcc,checked|1|2
0xcd,checked|1|2
0xce,checked|1|2
0xcf,checked|1|2
0xd0,checked|1|2
0xd1,checked|1|2
0xd2,checked|1|2
0xd3,checked|1|2
0xd4,checked|1|2
0xd5,checked|1|2
0xd6,checked|1|2
0xd7,checked|1|2
0xd8,checked|1|2
0xd9,checked|1|2
0xda,checked|1|2
0xdb,checked|1|2
0xdc,checked|2
0xdd,checked|2
0xde,checked|(Check_Flag(0xDE
0xdf,checked|2
0xe0,checked
0xe1,checked
0xe2,checked|1|2
0xe3,0|checked|1|2
0xe4,checked|1|2
0xe5,0|checked|1
0xe6,checked|1|2
0xe7,checked|1|2
0xe8,checked|1|2
0xe9,checked|1|2
0xea,checked|1|2
0xeb,checked|1|2
0xec,checked
0xed,checked
0xee,checked|1|2
0xef,checked|1|2
0xf0,checked|1|2
0xf1,checked|1|2
0xf2,checked
0xf3,checked|2
0xf4,checked|1
0xf5,checked|1
0xf6,checked|1
0xf7,checked|1
0xf8,checked|1
0xf9,checked|1|2
0xfa,checked|2
0xfb,checked|1|2
0xfc,checked|1|2
0xfd,checked|1|2
0xfe,0|checked|1
0xff,checked|1|2
0x100,checked|1|2
0x101,checked|1
0x102,0|checked|1|2
0x103,checked|(Check_Flag(0x103
0x104,checked|1|2
0x105,checked|1|2
0x106,checked|2
0x107,0|checked|2
0x108,0|7|3|9|checked|1|5|2|4|8|6
0x109,0|1
0x10a,0|checked|1|2
0x10b,checked|2
0x10c,0|checked|1
0x10d,checked|(Check_Flag(0x10D
0x10e,checked|2
0x10f,checked|1|2
0x110,checked|1|2
0x111,checked|1|2
0x112,checked|2
0x113,checked
0x114,checked
0x115,checked|1|2
0x116,checked|1|2
0x117,checked|1|2
0x118,checked|1|2
0x119,checked|1|2
0x11a,checked|1|2
0x11b,checked|1|2
0x11c,checked|1|2
0x11d,checked|1|2
0x11e,checked|1|2
0x11f,checked|1|2
0x120,checked|1|2
0x121,checked|1|2
0x122,0|checked|1|2
0x123,checked|1|2
0x124,checked|1|2
0x125,(Check_Flag(0x125|checked
0x126,checked|1|2
0x127,0|checked|1|2
0x128,checked|1|2
0x129,0|checked|1
0x12a,checked|1|2
0x12b,checked|1|2
0x12c,checked|1|2
0x12d,checked|1|2
0x12e,0|checked|2
0x12f,0|checked|2
0x130,checked|1|2
0x131,0|checked|1
0x132,checked|1|2
0x133,checked|1|2
0x134,checked|1|2
0x135,checked|1|2
0x136,checked|2
0x137,checked|2
0x138,0|checked|2
0x139,0|checked|2
0x13b,checked|2
0x13c,checked
0x13d,checked
0x13e,checked|2
0x13f,checked
0x140,checked
0x141,0|checked|2
0x142,checked|2
0x143,checked|2
0x144,checked|5
0x145,checked|2
0x146,checked|2
0x148,checked|2
0x149,checked|2
0x14a,checked|2
0x14b,0|checked|2
0x14c,2
0x14e,checked
0x14f,checked
0x150,checked
0x151,0|checked|2
0x152,0|checked|2
0x153,checked|2
0x154,checked|(Check_Flag(0x154
0x155,checked|2
0x156,0|checked|1|2
0x158,checked
0x159,checked|1|2
0x15a,checked|1|2
0x15b,checked|1|2
0x15c,checked|1|2
0x15d,checked|1|2
0x15e,checked|1|2
0x15f,checked|1|2
0x160,checked|1|2
0x161,checked|1|2
0x162,checked|1|2
0x163,checked|1|2
0x164,checked|1|2
0x165,checked|1|2
0x166,checked|1|2
0x167,checked|1|2
0x168,checked|1|2
0x169,checked|1|2
0x16a,checked|1|2
0x16b,checked|1|2
0x16c,checked|1|2
0x16d,checked|1|2
0x16e,checked|1|2
0x16f,checked|1|2
0x170,checked|1|2
0x171,checked|1|2
0x172,0|checked|1|2
0x173,checked|1|2
0x174,0|checked|1|2
0x175,checked|1|2
0x176,0|checked|1|2
0x177,0|checked|1|2
0x178,0|checked|1|2
0x179,checked|1|2
0x17a,checked|1|2
0x17b,checked|1|2
0x17c,checked|1|2
0x17d,checked
0x17e,checked
0x17f,checked
0x180,0|checked|1|2
0x181,checked
0x182,0|checked|1
0x183,0|checked|1
0x184,0|checked|1
0x185,0|checked|1
0x186,0|checked|1
0x187,0|checked|1|2
0x188,0|checked|1
0x189,0|checked|1|2
0x18a,0|checked|1
0x18b,0|checked|1|2
0x18c,0|checked|1|2
0x18d,0|(var_0 - 1|3|checked|1|RNG_Generator(0, 4|2|4
0x18e,0|checked|1|2
0x18f,0|checked|1
0x190,checked|Func124(
0x191,checked
0x192,0|checked|1|2
0x193,0|checked|1
0x194,0|checked|1|2
0x195,0|checked|Func0DD(1
0x196,0|checked|1|2
0x197,0|checked|1
0x198,0|checked|1|2
0x199,0|checked|Func0D6(
0x19a,0|checked|1|2
0x19b,0|checked|1
0x19c,0|checked|1|2
0x19d,0|checked|1
0x19e,0|checked|1|2
0x19f,0|3|checked|1|5|2|4
0x1a0,0|checked|1|2
0x1a1,0|checked|1
0x1a2,0|checked|1|2
0x1a3,0|checked|1|2
0x1a4,0|checked|1|2
0x1a5,0|checked|1
0x1a6,0|checked|1
0x1a7,0
0x1a8,0|checked|1|2
0x1a9,Func122(|checked
0x1aa,0|checked|1|2
0x1ab,0|checked|1
0x1ac,0|checked|1|2
0x1ad,0|checked|1
0x1ae,0|checked|1|2
0x1af,0|checked|1
0x1b0,0|checked|1|2
0x1b1,0|checked|1
0x1b2,0|checked|1|2
0x1b3,0|checked|1|2
0x1b4,0|checked|1|2
0x1b5,0|checked|1|2
0x1b6,0|checked|1|2
0x1b7,0|checked|1
0x1b8,0|checked|1|2
0x1b9,0|checked|1
0x1ba,0|checked|1|2
0x1bb,0|checked|1
0x1bc,0|checked|1|2
0x1bd,0|checked|1
0x1be,0|checked|1|2
0x1bf,0|checked|1
0x1c0,0|checked|1|2
0x1c1,0|checked
0x1c2,0|3|checked|1|5|2|4
0x1c3,0|checked|1
0x1c4,0|checked|1
0x1c5,0|checked|1
0x1c6,0|checked|1
0x1c7,0|checked|1
0x1c8,0|checked|2
0x1c9,0|checked|2
0x1ca,0|checked|2
0x1cb,0|checked|2
0x1cc,0|checked|2
0x1cd,0|checked|1|2
0x1ce,0|checked|1|2
0x1cf,0|checked|Func121(
0x1d0,0|checked|1|2
0x1d1,0|checked|1|2
0x1d2,1
0x1d3,checked|1
0x1d4,checked|1
0x1d5,checked|1
0x1d6,checked|1
0x1d7,checked|1
0x1d8,checked|1
0x1d9,checked|1
0x1da,checked|1
0x1db,checked|1
0x1dc,checked|1
0x1dd,checked|1
0x1de,checked|1
0x1df,checked|1
0x1e0,checked|1
0x1e1,checked|1
0x1e2,0|checked|(Check_Flag(0x1E2
0x1e3,0|checked|(Check_Flag(0x1E3
0x1e4,0|checked|(Check_Flag(0x1E4
0x1e5,0|checked|(Check_Flag(0x1E5
0x1e6,(Check_Flag(0x1E6|0|checked
0x1e7,0|checked|(Check_Flag(0x1E7
0x1e8,0|checked|(Check_Flag(0x1E8
0x1e9,0|checked|(Check_Flag(0x1E9
0x1ea,(Check_Flag(0x1EA|0|checked
0x1eb,0|checked|(Check_Flag(0x1EB
0x1ec,0|checked|(Check_Flag(0x1EC
0x1ed,0|checked|(Check_Flag(0x1ED
0x1ee,0|checked|(Check_Flag(0x1EE
0x1ef,0|checked|(Check_Flag(0x1EF
0x1f0,0|checked|1
0x1f1,0|checked|1
0x1f2,0|checked|1
0x1f3,0|checked|1
0x1f4,0|checked|1
0x1f5,0|checked|1
0x1f6,0|checked|1
0x1f7,0|checked|1
0x1f8,0|checked|1
0x1f9,0|checked|1
0x1fa,0|checked|1
0x1fb,0|1
0x1fc,checked|(Check_Flag(0x1FC
0x1fd,checked|(Check_Flag(0x1FD
0x1fe,checked|(Check_Flag(0x1FE
0x1ff,checked|1
0x200,checked|1
0x201,checked|1
0x202,checked|1
0x203,checked|1
0x204,checked|1
0x205,checked|1
0x206,checked|1
0x207,checked|1
0x208,checked|1
0x209,checked|1
0x20a,checked|1
0x20b,checked|1
0x20c,checked|1
0x20d,checked|(Check_Flag(0x20D
0x20e,checked|1
0x211,checked|1
0x212,checked|1
0x213,checked|1
0x214,checked|1
0x215,checked|1
0x216,checked|1
0x217,checked|(Check_Flag(0x217
0x219,(Check_Flag(0x219|checked
0x21a,(Check_Flag(0x21A|checked
0x21b,checked|(Check_Flag(0x21B
0x21c,(Check_Flag(0x21C|checked
0x21d,(Check_Flag(0x21D|checked
0x21e,(Check_Flag(0x21E|checked
0x21f,checked|(Check_Flag(0x21F
0x220,checked|(Check_Flag(0x220
0x221,checked|(Check_Flag(0x221
0x222,(Check_Flag(0x222|checked
0x223,(Check_Flag(0x223|checked
0x224,checked|(Check_Flag(0x224
0x225,checked|(Check_Flag(0x225
0x226,checked|(Check_Flag(0x226
0x227,checked|(Check_Flag(0x227
0x228,(Check_Flag(0x228|checked
0x229,(Check_Flag(0x229|checked
0x22a,checked|(Check_Flag(0x22A
0x22b,checked|(Check_Flag(0x22B
0x22c,(Check_Flag(0x22C|checked
0x22d,checked|(Check_Flag(0x22D
0x22e,checked|(Check_Flag(0x22E
0x22f,(Check_Flag(0x22F|checked
0x230,checked|(Check_Flag(0x230
0x231,checked|(Check_Flag(0x231
0x232,(Check_Flag(0x232|checked
0x233,checked|(Check_Flag(0x233
0x234,checked|(Check_Flag(0x234
0x235,checked|(Check_Flag(0x235
0x236,(Check_Flag(0x236|checked
0x237,checked|(Check_Flag(0x237
0x238,checked|(Check_Flag(0x238
0x239,checked|(Check_Flag(0x239
0x23a,(Check_Flag(0x23A|checked
0x23b,checked|(Check_Flag(0x23B
0x23c,0|checked|1
0x23d,0|checked|1
0x23e,0|checked|(Check_Flag(0x23E
0x23f,0|checked|1
0x240,0|checked|(Check_Flag(0x240
0x241,0|checked|1
0x242,0|checked|1
0x243,checked|1
0x244,var_4|checked|var_1|var_7|var_0
0x245,0|checked|1
0x246,0|checked|1
0x247,0|checked|1
0x248,0|checked|1
0x249,0|checked|1
0x24a,checked|(Check_Flag(0x24A
0x24b,checked|1
0x24c,checked|1
0x24d,0|checked|(Check_Flag(0x24D
