opcode_id,occurrences
0x007,event_0815.txt:  || event_0815.txt:  || event_0815.txt:  || event_0815.txt:  || event_0815.txt:  || event_0815.txt: 
0x00B,event_1060.txt:  || event_1060.txt:  || event_1062.txt:  || event_1062.txt: 
0x04C,event_0173.txt:  || event_0405.txt:  || event_0464.txt:  || event_0531.txt: 
0x04D,event_0173.txt:  || event_1063.txt: Use the A Button to pull out\r\ngrass.\BRK | Use the A Button to throw \r\naway what you're holding. \BRK || event_1063.txt:  || event_1063.txt: 
0x052,event_1243.txt:  || event_1243.txt: 
0x054,event_1243.txt: 
0x056,"event_0016.txt:  || event_0105.txt:  || event_0372.txt:  || event_0470.txt: Thank you very much.\r\n\BRK || event_0820.txt: You can now exchange all of \r\nthe Jewels of Truth for \r\nthe Gem of Truth. \BRK | ...But, it seems you can't \r\nhold any more. \BRK\WAIT_CLICKCome back when your \r\nload is lighter. \BRK || event_1066.txt: It looks like we made too \r\nmuch this year again! \BRK\WAIT_CLICKLet's each take some home. \r\nHelp yourself, \r\n\xFF!. \BRK || event_1299.txt: Shuffle...shuffle...\BRK | I can't believe his Rucksack\r\nis so full. This won't \r\neven fit!\BRK || event_1299.txt: Hmm...shuffle...shuffle....\BRK | I was gonna give it to\r\nyou if you had a space\r\nin your rucksack, but...\BRK\r\nOh well, I guess I'll\r\neat it.\BRK || event_1299.txt: Shuffle...shuffle....\BRK | Shoot! I never thought of \r\nwhat to do if his Rucksack\r\nwas full...!\BRK || event_1299.txt: Shuffle...shuffle....\BRK | Darn it! His Rucksack is \r\nalready full! \BRK\WAIT_CLICKI can't take anything out\r\neither...Oh, I give up!!\BRK || event_1299.txt: Shuffle...shuffle....\BRK | Darn it! His Rucksack\r\nis full! I hope I remember\r\nto give it to him later. \BRK || event_1299.txt: What...? He's asleep? \BRK | How dare his Rucksack\r\nbe full, even though I went\r\nto all this effort...!\BRK || event_1309.txt: It looks like there's some \r\nextra Buckwheat Flour. \BRK\WAIT_CLICKWhy don't you take some \r\nhome, \xFF!?\r\nWe can't waste it!\BRK"
0x058,"event_1066.txt: Now those were good! \r\nI can't wait to eat some\r\nmore at home! \BRK || event_1299.txt: Now what'll I do...?\r\nWhy does he wear his \r\nRucksack even when he's \BRK\WAIT_CLICKsleeping? Great! It fit!\BRK || event_1299.txt:  || event_1299.txt: I hope he wakes up soon!\r\nI can't wait to see the \r\nlook on his face!\BRK || event_1299.txt:  || event_1299.txt: ...?? \r\nThank goodness he didn't \r\nwake up!\BRK || event_1299.txt:  || event_1299.txt: ...\xFF)'s asleep.\r\nI can't wait to see the \r\nlook on his face!\BRK || event_1299.txt:  || event_1299.txt: I wonder if \xFF)\r\neven knows that today is \r\nthe Winter Thanksgiving\BRK\r\nFestival?\BRK\WAIT_CLICKI'll just put this in his\r\nRucksack!...\BRK || event_1299.txt:  || event_1299.txt: \xFF!, I brought \r\nsomething nice for you!\r\nWake up!\BRK\WAIT_CLICKHe's sleeping like a log!\r\nI know...I'll put it in his\r\nRucksackl!\BRK || event_1299.txt:  || event_1309.txt: That was good!\r\nI even got to take some\r\nhome with me!\BRK"
0x05D,"event_0470.txt: Welcome!\r\nWould you like to buy\r\nthe Blue Feather?\BRK\WAIT_CLICK || event_0982.txt:  || event_0982.txt:  || event_0982.txt:  || event_0992.txt: Marriage, huh?\r\nThat's great! The farm \r\nshould become even more\BRK\r\nfun, then!\BRK || event_0993.txt:  || event_0994.txt: Ah, a Blue Feather...\BRK\WAIT_CLICKMy husband went off to look\r\nfor one for me, but then \r\ndidn't come back for a \BRK\r\nlong time!\BRK || event_0996.txt: Ah, a Blue Feather!\r\nIn the town where I grew\r\nup, we used a Blue Feather\BRK\r\nto propose as well!\BRK || event_0997.txt: Hmmph! You have it \r\nlucky, you know that!?...\BRK\WAIT_CLICKThe girl I wanted to marry\r\nup and married someone \r\nelse! And I thought she \BRK\WAIT_CLICKwould wait until I was \r\nolder...\BRK || event_0998.txt: A Blue Feather...\r\nAnyone I know...?\BRK || event_0999.txt: Weee!  What a pretty \r\nfeather!  I bet it has\r\nspecial power, budum!\BRK || event_1000.txt: What a wondrous feather!\r\nJust looking at it makes\r\nme happy, budum!\BRK || event_1001.txt: This is the first time I've\r\nseen a Blue Feather, budum.\r\nWhat kind of animal \BRK\r\ndoes it come from?\BRK || event_1002.txt: What a lovely feather!\r\nJust looking at it takes\r\nmy breath away, budum...\BRK || event_1003.txt: What a gorgeous\r\nfeather, bubum!\r\nShame you can't cook\r\nwith it...\BRK || event_1004.txt: What a beautiful \r\nfeather, budum!\BRK || event_1005.txt: This is a great feather,\r\nbut it won't fill me \r\nup, budum.\BRK || event_1006.txt: This Blue Feather \r\nsure does bring me back...\BRK\WAIT_CLICKI was handed mine more \r\nthan 50 years ago!\BRK || event_1007.txt: So you've reached that\r\nage already, have you?\BRK\WAIT_CLICKGood luck! I'll be \r\nrooting for you!\BRK || event_1008.txt:  || event_1009.txt: This really brings back\r\nmemories...Jeff gave me \r\nthe same thing, once. \BRK\WAIT_CLICKI still have it, you know.\BRK || event_1010.txt: You'll need this Blue \r\nFeather to propose, so take\r\ngood care of it. \BRK\r\nGood luck!\BRK || event_1011.txt:  || event_1012.txt: What a beautiful feather\r\nthis is! You mean it's for \r\nproposing to somebody?\BRK\WAIT_CLICKHow romantic! I bet it's \r\nvery effective!\BRK || event_1013.txt: Hmm....\r\nWhat an interesting custom \r\nthis is!...\BRK || event_1014.txt:  || event_1015.txt: Ah...a Blue Feather...\r\nI wish Basil had used one\r\nto propose to me...\BRK || event_1016.txt: Good luck! If it\r\ndoesn't work out, I \r\npromise to buy it back.\BRK || event_1017.txt: Congratulations!\r\nWho's the lucky girl, \r\nif I may ask?\BRK || event_1018.txt:  || event_1019.txt: Wow...It's pretty!\r\nWe had something like it\r\nin our house...\BRK\WAIT_CLICKElli said it was mom's.\BRK || event_1020.txt: Heh heh...Good luck!\BRK || event_1021.txt:  || event_1022.txt: What a nice feather. \r\nI bet I could sell it for \r\nlots...\BRK\WAIT_CLICKYou mean it's for \r\nproposing? Sorry...\BRK || event_1023.txt: Are you going to get \BRK\WAIT_CLICKmarried? I want to get \r\nmarried soon, too...\BRK || event_1024.txt: I am glad for you.\BRK\WAIT_CLICKI will pray for it to\r\ngo well.\BRK || event_1025.txt: So you're going through \r\nwith the big gamble, eh?\r\nGood luck, you'll need it!\BRK || event_1026.txt: You don't know me if you \r\nthink I'll like that!\r\nWell, maybe...\BRK || event_1027.txt: A Blue Feather, eh?\r\nI hope that's not for me!!...\BRK || event_1028.txt: If you're gonna get \r\nmarried, you have to look\r\nafter your family forever!\BRK || event_1029.txt: It's so pretty!\r\nWhat is it?\BRK || event_1030.txt: A Blue Feather, huh?\r\nWho's the lucky girl?\r\nDon't lose your nerve, now!\BRK"
0x05F,event_0982.txt: 
0x061,"event_0816.txt:  || event_0818.txt: You again? \r\nYou've already collected \r\nall the Kappa Jewels, so \BRK\r\nI'll exchange them for the \r\nKappa Gem if you promise\r\nnot to come back!\BRK || event_0820.txt: "
0x062,"event_0087.txt: You found a Power Berry.\r\n\BRK | ...But your hands are\r\nalready full, so you \r\ncan't hold it.\BRK || event_0571.txt: Since you've come and \r\nvisited me so many times, \r\nI shall now grant you a \BRK\r\nPower Berry as a token\r\nof my thanks.\BRK | I won't be giving you any \r\nmore, but come again anyway!\BRK || event_0572.txt: You sure are stubborn.\r\n\r\n\BRK || event_0586.txt: Delivered safe and sound!\BRK || event_1098.txt: That was a great race, \r\n\xFF!!\r\nCongratulations!\BRK || event_1145.txt: Listen, everyone!\r\nThis year's champion is\r\n\xFF#!!\BRK\r\nGood job!\BRK || event_1264.txt: That was a great race, \r\n\xFF!. \r\nCongratulations!\BRK"
0x063,event_0097.txt:  || event_0098.txt:  || event_0154.txt:  || event_0155.txt:  || event_0156.txt:  || event_0157.txt:  || event_0165.txt:  || event_0166.txt:  || event_0167.txt:  || event_0168.txt:  || event_0169.txt:  || event_0170.txt:  || event_0171.txt:  || event_0172.txt:  || event_0173.txt: 
0x067,"event_0341.txt:  || event_0867.txt: \r\nThen, the next day...\BRK || event_0978.txt: It's morning...\BRK || event_0981.txt:  || event_0988.txt: "
0x06D,event_0571.txt: 
0x06E,event_0571.txt:  || event_0571.txt: 
0x070,event_0471.txt: Welcome!\r\nBread is 100G each.\r\nHow many do you want?\BRK\WAIT_CLICK || event_0472.txt: Welcome!\r\nChocolates are 100G each.\r\nHow many do you want?\BRK\WAIT_CLICK || event_0473.txt: Welcome!\r\nCurry Powder is 100G each.\r\nHow many do you want?\BRK\WAIT_CLICK || event_0474.txt: Welcome!\r\nDumpling Powder is 100G \r\neach. How many do you want?\BRK\WAIT_CLICK || event_0475.txt: Welcome!\r\nFlour is 50G each.\r\nHow many would you like?\BRK\WAIT_CLICK || event_0476.txt: Welcome!\r\nOil costs 50G each.\r\nHow many do you need?\BRK\WAIT_CLICK || event_0478.txt: Welcome!\r\nRice Balls are 100G each.\r\nHow many do you want?\BRK\WAIT_CLICK
0x072,event_0469.txt: Thank you very much!\BRK
0x073,event_0469.txt: Welcome!\r\nWant to buy a Basket?\BRK\WAIT_CLICK
0x074,event_0479.txt: Thanks very much.\BRK | Are you sure now?\BRK || event_0479.txt: Thanks very much.\BRK | Really? Are you sure?\BRK
0x077,"event_0571.txt:  || event_0571.txt:  || event_0994.txt: Ah, a Blue Feather...\BRK\WAIT_CLICKMy husband went off to look\r\nfor one for me, but then \r\ndidn't come back for a \BRK\r\nlong time!\BRK | My husband wrote me a \r\nwhile ago, saying he\r\nwould  || event_0997.txt: Hmmph! You have it \r\nlucky, you know that!?...\BRK\WAIT_CLICKThe girl I wanted to marry\r\nup and married someone \r\nelse! And I thought she \BRK\WAIT_CLICKwould wait until I was \r\nolder...\BRK | || event_0998.txt: A Blue Feather...\r\nAnyone I know...?\BRK | Have you heard of \r\nForget-me-not Valley?\BRK\WAIT_CLICKRumors are that another \r\ndoctor I know lives there.\BRK\WAIT_CLICKHe might look a little \r\ns || event_1010.txt: You'll need this Blue \r\nFeather to propose, so take\r\ngood care of it. \BRK\r\nGood luck!\BRK | Do you know that Gourmet who\r\njudges the Cooking Festival?\r\nHe's a real big-shot in\BRK\r\nthe co || event_1012.txt: In Forget-me-not Valley, \r\nwhere I live, there is\r\nsomeone named \BRK\r\n\xFF,. He's truly a\r\nmaster fisherman.\BRK | \xFF!, do you\r\nlike to cook?\BRK\WAIT_CLICKHere's a handy recipe\r\nfor ya || event_1017.txt: Have you heard of the\r\nForget-me-not Valley?\BRK\WAIT_CLICKI hear there's someone \r\nthere named \xFF,\r\nwho is very popular. \BRK\WAIT_CLICKI'd like to meet him...\BRK | A long time ago, someone\ || event_1021.txt:  || event_1028.txt: I hear that the equipment\r\nthey got up there at \r\n\xFF+ is all\BRK\r\nfirst rate. You should go \r\ntake a look.\BRK | Long ago, a man named \r\nLouis lived at my house.\BRK\WAIT_CLICKHe studies b || event_1029.txt: It's so pretty!\r\nWhat is it?\BRK | A few days ago, I \r\ntalked with my mommy on the\r\nphone! It was nice to hear \BRK\r\nher voice, but I hope she \r\ncan come home soon...\BRK"
0x078,event_0571.txt:  || event_0571.txt:  || event_0571.txt:  || event_0571.txt:  || event_0571.txt:  || event_0571.txt:  || event_0571.txt:  || event_0571.txt:  || event_0571.txt:  || event_0571.txt:  || event_0571.txt:  || event_0571.txt:  || event_0571.txt:  || event_0571.txt:  || event_0571.txt:  || event_0571.txt:  || event_0571.txt:  || event_0571.txt:  || event_0571.txt:  || event_0571.txt:  || event_0571.txt:  || event_0571.txt:  || event_0571.txt:  || event_0571.txt:  || event_0571.txt:  || event_0571.txt:  || event_0571.txt:  || event_0571.txt:  || event_0571.txt:  || event_0571.txt:  || event_0571.txt:  || event_0571.txt:  || event_0571.txt:  || event_0571.txt:  || event_0571.txt:  || event_0571.txt:  || event_0571.txt:  || event_0571.txt:  || event_0571.txt:  || event_0571.txt:  || event_0571.txt:  || event_0571.txt:  || event_0571.txt:  || event_0571.txt:  || event_0571.txt:  || event_0571.txt:  || event_0571.txt:  || event_0571.txt:  || event_0571.txt:  || event_0571.txt:  || event_0571.txt:  || event_0571.txt:  || event_0571.txt:  || event_0571.txt:  || event_0571.txt:  || event_0571.txt:  || event_0571.txt:  || event_0571.txt: 
0x07A,event_0571.txt:  || event_0571.txt: 
0x07F,event_0983.txt:  || event_0983.txt:  || event_0983.txt:  || event_0983.txt:  || event_0983.txt: 
0x083,"event_0016.txt: Welcome. \BRK | I've never seen you around\r\nhere before. Are you \r\na tourist? \BRK || event_0036.txt: Bad chicken! \r\nDon't run away again!\BRK || event_0046.txt: Welcome. \BRK | I don't think I've seen you\r\nbefore. You must be\r\n\xFF!, right? \BRK || event_0057.txt: I've never seen you \r\nbefore...Are you a \r\ntourist or something? \BRK || event_0066.txt: Hello. You're not from \r\naround here, are you?\BRK || event_0093.txt:  || event_0105.txt:  || event_0105.txt:  || event_0105.txt:  || event_0105.txt:  || event_0105.txt:  || event_0105.txt:  || event_0105.txt:  || event_0108.txt:  || event_0108.txt:  || event_0108.txt:  || event_0108.txt:  || event_0150.txt:  || event_0176.txt:  || event_0179.txt:  || event_0179.txt:  || event_0179.txt:  || event_0271.txt:  || event_0271.txt:  || event_0272.txt:  || event_0272.txt:  || event_0292.txt:  || event_0358.txt:  || event_0358.txt:  || event_0358.txt:  || event_0358.txt:  || event_0370.txt:  || event_0370.txt:  || event_0371.txt:  || event_0371.txt:  || event_0371.txt:  || event_0371.txt:  || event_0371.txt:  || event_0371.txt:  || event_0371.txt:  || event_0371.txt:  || event_0371.txt:  || event_0371.txt:  || event_0371.txt:  || event_0371.txt:  || event_0371.txt:  || event_0371.txt:  || event_0372.txt:  || event_0372.txt:  || event_0372.txt:  || event_0372.txt:  || event_0372.txt:  || event_0373.txt:  || event_0373.txt:  || event_0373.txt:  || event_0373.txt:  || event_0373.txt:  || event_0374.txt:  || event_0374.txt:  || event_0374.txt:  || event_0374.txt:  || event_0374.txt:  || event_0374.txt:  || event_0375.txt:  || event_0375.txt:  || event_0375.txt:  || event_0375.txt:  || event_0375.txt:  || event_0375.txt:  || event_0378.txt:  || event_0378.txt:  || event_0404.txt:  || event_0404.txt:  || event_0409.txt:  || event_0409.txt:  || event_0523.txt:  || event_0523.txt:  || event_0523.txt:  || event_0523.txt:  || event_0523.txt:  || event_0525.txt:  || event_0527.txt:  || event_0528.txt:  || event_0528.txt:  || event_0757.txt:  || event_0758.txt:  || event_0759.txt:  || event_0768.txt:  || event_0807.txt:  || event_0808.txt:  || event_0880.txt:  || event_0881.txt:  || event_0882.txt:  || event_0883.txt:  || event_0884.txt:  || event_0900.txt:  || event_0901.txt:  || event_0902.txt:  || event_0903.txt:  || event_0905.txt:  || event_0920.txt:  || event_0921.txt:  || event_0922.txt:  || event_0923.txt:  || event_0924.txt:  || event_0938.txt:  || event_0939.txt:  || event_0940.txt:  || event_0942.txt:  || event_0943.txt:  || event_0958.txt:  || event_0959.txt:  || event_0960.txt:  || event_0961.txt:  || event_0962.txt:  || event_0977.txt:  || event_0977.txt:  || event_0982.txt:  || event_0982.txt:  || event_0982.txt:  || event_0982.txt:  || event_0982.txt:  || event_0982.txt:  || event_0982.txt:  || event_0982.txt:  || event_0982.txt:  || event_0982.txt:  || event_0982.txt:  || event_0982.txt:  || event_0982.txt:  || event_0982.txt:  || event_0982.txt:  || event_0982.txt:  || event_0982.txt:  || event_0982.txt:  || event_0982.txt:  || event_0982.txt:  || event_0982.txt:  || event_0982.txt:  || event_0982.txt:  || event_0982.txt:  || event_0982.txt:  || event_0982.txt:  || event_0982.txt:  || event_0982.txt:  || event_0982.txt:  || event_0982.txt:  || event_0982.txt:  || event_0982.txt:  || event_0982.txt:  || event_0982.txt:  || event_0982.txt:  || event_0982.txt:  || event_0982.txt:  || event_0982.txt:  || event_0982.txt:  || event_0982.txt:  || event_0982.txt:  || event_0982.txt:  || event_0982.txt:  || event_0982.txt:  || event_0982.txt:  || event_0982.txt:  || event_0982.txt:  || event_0982.txt:  || event_0982.txt:  || event_0982.txt:  || event_0982.txt:  || event_0982.txt:  || event_0982.txt:  || event_0982.txt:  || event_0992.txt: So you're the new guy at\r\nthe farm, eh?\BRK\WAIT_CLICK\xFF!'s not a \r\nbad name, I suppose...\BRK\WAIT_CLICKMy name's Rick. I live\r\nhere with my mom and \r\nsister, Popuri.\BRK || event_0993.txt: Hello, my name is Popuri.\r\nWhat's your's?\BRK\WAIT_CLICKNice to meet you!\BRK || event_0994.txt: Hi, I haven't seen you\r\naround here before!\BRK\WAIT_CLICKAh...I know, you're \r\n\xFF!, right? \r\nThomas mentioned you.\BRK\WAIT_CLICKI'm Lillia. Very nice\r\nto meet you!\BRK || event_0996.txt: .........Hi....\BRK | So you're the new guy at\r\nthat farm, huh?\BRK\WAIT_CLICKMy name?\r\nIt's Cliff. Nice to\r\nmeet you.\BRK || event_0997.txt: Hey, how are you!\r\nMy name is Zack, and I'm\r\nin charge of shipping \BRK\r\naround here.\BRK\WAIT_CLICKI'll come to pick up \r\nwhatever you have to ship\r\neveryday except holidays.\BRK || event_0998.txt: Hello, there. Who are you?\BRK\WAIT_CLICK...Oh, you're the new \r\nperson at the farm that\r\nthe Mayor was mentioning.\BRK\WAIT_CLICKI'm the Doctor of this \r\nvillage. Nice to meet you.\BRK || event_0999.txt: Hello...\r\nYour name is \xFF!?\BRK\WAIT_CLICKMine is Staid, budum.\r\nWelcome, budum.\BRK || event_1000.txt: ...........................\r\nYour name's \xFF!?\BRK\WAIT_CLICKMine is Timid...budum...\BRK || event_1001.txt: Nice to meet you!\r\nYour name is \xFF!?\BRK\WAIT_CLICKMine is Nappy. \r\nHow do you do, budum.\BRK || event_1002.txt: Hello, stranger!\BRK\WAIT_CLICKHow are you? My name is\r\nBold, budum!\BRK || event_1003.txt: Hello...\r\nYour name is \xFF!?\BRK\WAIT_CLICKMine is Chef, budum.\r\nWelcome, budum.\BRK || event_1004.txt: I haven't seen you \r\nbefore, budum. \BRK\WAIT_CLICKYou're \xFF!?\r\nI'm Aqua. Nice to meet you.\BRK || event_1005.txt: Err...Hello, budum...\r\nYou're \xFF!?\BRK\WAIT_CLICKMy name's Hoggy. \r\nIt's a pleasure, budum.\BRK || event_1006.txt: Ah, so you are\r\n\xFF!?\BRK\WAIT_CLICKMy name is Ellen.\r\nMuch obliged...\BRK | My legs? They became\r\nbad when I got sick years\r\nago, so I can't move \BRK\r\naround very much.\BRK || event_1007.txt: H-Hi...\r\nUmm...Can I be of service?\BRK | Oh, so you've come to say\r\nyou've just moved in?\BRK\WAIT_CLICKMy name is Jeff.\r\nPleasure to meet you!\BRK || event_1008.txt: I heard that someone new \r\nhad taken over the farm.\BRK\WAIT_CLICKYou name is \r\n\xFF!, huh?\BRK\WAIT_CLICKMine's Karen. \BRK || event_1009.txt: Who are you?\r\nOh, I know, the new lad at \r\nthe farm Thomas was \BRK\r\nmentioning...\BRK\WAIT_CLICKMy name is Sasha, and I \r\nrun the Supermarket.\BRK || event_1010.txt: Well I haven't seen you \r\naround these parts before!\BRK\WAIT_CLICKOh, you're the new lad up\r\nat the farm, eh? \r\nMy name's Doug, and I\BRK\r\nrun this here Inn.\BRK || event_1011.txt: Sorry, do I know you?\r\nAh, you're the new guy at\r\nthe farm, huh?\BRK\WAIT_CLICKAnd I thought you were \r\na guest!\BRK\WAIT_CLICKYour name is \xFF!?\r\nI'm Ann.\BRK || event_1013.txt: Hey there? Are you a \r\ntourist? No, you're new in\r\ntown?\BRK\WAIT_CLICKThis town is beautiful, and\r\nthe people are nice, so \r\nI bet you'll like it here. \BRK\WAIT_CLICKMe? Oh, sorry, the name' || event_1014.txt: Ah, are you the new\r\nguy at that farm Thomas \r\ntold me about?\BRK\WAIT_CLICKMy name's Mary.\r\nNice to meet you.\BRK || event_1015.txt: Now, you're a new face\r\naround here...Oh, I know.\r\nyou're that new boy at \BRK\r\nthe farm!\BRK\WAIT_CLICKMy name is Anna, and it's\r\na pleasure to meet you!\BRK || event_1016.txt: I've set up shop here, \r\nand I've got great stuff!\BRK\WAIT_CLICKMy name is Won.\BRK || event_1018.txt: Now, I haven't seen \r\nyour face around here... \BRK\WAIT_CLICKAre you the new owner \r\nof that farm? \BRK\WAIT_CLICKI guess I should introduce \r\nmyself. My name is \r\nElli. Nice to meet you! \BR || event_1019.txt: You're not from around\r\nhere, are you? \BRK\WAIT_CLICKMy name? It's Stu.\r\nHey, you have cows on\r\nyour farm, right? \BRK\WAIT_CLICKCan I come pet one?\BRK || event_1020.txt: Hmm? Who are you?\r\nOh, you're the new lad at\r\nthe farm, are you?\BRK\WAIT_CLICKMy name's Duke. Pleased to\r\nmake your acquaintance.\BRK || event_1021.txt:  || event_1023.txt: Hello, there! You must be \r\n\xFF!.\BRK\WAIT_CLICKMy name's Harris, and I'm\r\nthe constable of this town.\BRK\WAIT_CLICKIt's very safe and peaceful\r\nhere, so you've nothing to\r\nworry about!\BRK || event_1024.txt: Are you \xFF!?\BRK\WAIT_CLICKYes, I've heard about you.\r\nFrom Thomas, of course. \r\nI'm Carter. I'm delighted \BRK\r\nto finally meet you.\BRK || event_1025.txt: Hi...\r\nAre you new around here...?\BRK || event_1026.txt: I don't think I've seen you\r\naround here before. \BRK\WAIT_CLICKOh, you're at the farm, \r\nare you? Welcome to the \r\nboonies.\BRK\WAIT_CLICKThe name's Gray. \BRK || event_1027.txt: I've never seen your face\r\naround these parts before.\BRK\WAIT_CLICKYou're new at the farm, \r\nyou say? That's tough for \r\none man, but you can do it\BRK\r\nif you try. \BRK\WAIT_CLICKI'm Saibara || event_1028.txt: Who are you again?\r\nOh, you're at the farm, eh?\BRK\WAIT_CLICKI'm Gotz, the woodcutter\r\naround these parts. \BRK\WAIT_CLICKIf you ever want to expand\r\nyour house, just call me!\BRK || event_1029.txt: Where did you come from?\r\nI've never seen you before.\BRK\WAIT_CLICKOh! You're at that farm,\r\nare you?\BRK\WAIT_CLICKMy name is May.\r\nLet's be friends.\BRK || event_1030.txt: What's this? A new face \r\nin town? How intriguing!\BRK\WAIT_CLICKThe name is Barley. \r\nHow do you do. \BRK || event_1067.txt:  || event_1068.txt:  || event_1069.txt:  || event_1070.txt:  || event_1071.txt:  || event_1072.txt:  || event_1073.txt:  || event_1074.txt:  || event_1075.txt:  || event_1076.txt:  || event_1077.txt:  || event_1078.txt:  || event_1082.txt:  || event_1083.txt:  || event_1084.txt:  || event_1085.txt:  || event_1086.txt:  || event_1087.txt:  || event_1088.txt:  || event_1089.txt:  || event_1090.txt:  || event_1091.txt:  || event_1092.txt:  || event_1093.txt:  || event_1094.txt:  || event_1095.txt:  || event_1096.txt:  || event_1097.txt:  || event_1101.txt:  || event_1102.txt:  || event_1103.txt:  || event_1104.txt:  || event_1105.txt:  || event_1106.txt:  || event_1107.txt:  || event_1108.txt:  || event_1109.txt:  || event_1110.txt:  || event_1111.txt:  || event_1112.txt:  || event_1113.txt:  || event_1115.txt:  || event_1116.txt:  || event_1117.txt:  || event_1118.txt:  || event_1119.txt:  || event_1120.txt:  || event_1121.txt:  || event_1122.txt:  || event_1123.txt:  || event_1124.txt:  || event_1125.txt:  || event_1126.txt:  || event_1127.txt:  || event_1132.txt:  || event_1133.txt:  || event_1134.txt:  || event_1135.txt:  || event_1136.txt:  || event_1137.txt:  || event_1139.txt:  || event_1140.txt:  || event_1141.txt:  || event_1142.txt:  || event_1143.txt:  || event_1144.txt:  || event_1147.txt:  || event_1148.txt:  || event_1149.txt:  || event_1150.txt:  || event_1151.txt:  || event_1152.txt:  || event_1153.txt:  || event_1154.txt:  || event_1155.txt:  || event_1156.txt:  || event_1157.txt:  || event_1158.txt:  || event_1159.txt:  || event_1160.txt:  || event_1166.txt:  || event_1167.txt:  || event_1168.txt:  || event_1169.txt:  || event_1170.txt:  || event_1171.txt:  || event_1172.txt:  || event_1173.txt:  || event_1174.txt:  || event_1175.txt:  || event_1176.txt:  || event_1178.txt:  || event_1179.txt:  || event_1180.txt:  || event_1181.txt:  || event_1182.txt:  || event_1183.txt:  || event_1184.txt:  || event_1185.txt:  || event_1186.txt:  || event_1187.txt:  || event_1188.txt:  || event_1193.txt:  || event_1194.txt:  || event_1195.txt:  || event_1196.txt:  || event_1197.txt:  || event_1198.txt:  || event_1199.txt:  || event_1200.txt:  || event_1201.txt:  || event_1202.txt:  || event_1206.txt:  || event_1207.txt:  || event_1208.txt:  || event_1209.txt:  || event_1210.txt:  || event_1211.txt:  || event_1212.txt:  || event_1213.txt:  || event_1214.txt:  || event_1219.txt:  || event_1220.txt:  || event_1221.txt:  || event_1222.txt:  || event_1223.txt:  || event_1224.txt:  || event_1225.txt:  || event_1226.txt:  || event_1227.txt:  || event_1228.txt:  || event_1229.txt:  || event_1230.txt:  || event_1231.txt:  || event_1232.txt:  || event_1233.txt:  || event_1234.txt:  || event_1235.txt:  || event_1236.txt:  || event_1237.txt:  || event_1238.txt:  || event_1239.txt:  || event_1240.txt:  || event_1248.txt:  || event_1249.txt:  || event_1250.txt:  || event_1251.txt:  || event_1252.txt:  || event_1253.txt:  || event_1254.txt:  || event_1255.txt:  || event_1256.txt:  || event_1257.txt:  || event_1258.txt:  || event_1259.txt:  || event_1260.txt:  || event_1261.txt:  || event_1262.txt:  || event_1263.txt:  || event_1267.txt:  || event_1268.txt:  || event_1269.txt:  || event_1270.txt:  || event_1271.txt:  || event_1272.txt:  || event_1273.txt:  || event_1274.txt:  || event_1275.txt:  || event_1276.txt:  || event_1278.txt:  || event_1279.txt:  || event_1280.txt:  || event_1281.txt:  || event_1282.txt:  || event_1283.txt:  || event_1284.txt:  || event_1285.txt:  || event_1286.txt:  || event_1287.txt:  || event_1290.txt:  || event_1291.txt:  || event_1292.txt:  || event_1310.txt:  || event_1311.txt:  || event_1312.txt:  || event_1313.txt:  || event_1314.txt:  || event_1315.txt:  || event_1316.txt:  || event_1317.txt:  || event_1320.txt:  || event_1321.txt:  || event_1322.txt:  || event_1323.txt:  || event_1324.txt:  || event_1325.txt:  || event_1326.txt: "
0x08E,event_0468.txt: Welcome!\r\n\BRK || event_0480.txt: Welcome!\r\n\BRK || event_0481.txt: Welcome!\r\n\BRK
0x090,event_0467.txt: Welcome!\r\n\BRK | Box of Oranges\BRK
0x091,"event_0488.txt: OK, what would you like?\r\n\BRK | Counter\BRK"
0x092,"event_0487.txt: What would you like \r\ntoday? I always like to \r\ntalk, as long as I'm \BRK\r\nnot working.\BRK | Counters\BRK"
0x093,event_0482.txt: How are you feeling?\r\nNow there...Which\r\nmedicine would you like?\BRK | Counter\BRK
0x094,event_0484.txt: Welcome!\r\nAll foods can't be \r\ntaken out of this shop.\BRK || event_0486.txt: Hey there...\r\nNeed anything to eat?\BRK
0x095,event_0466.txt: Oh...hello.\r\nIs there something I can\r\nbe helping you with?\BRK | Counter\BRK || event_0489.txt: Are you looking for\r\nsomething to buy?\BRK | Counter\BRK
0x096,event_0485.txt: Welcome.\r\nShopping today?\r\nWhat would you like to buy?\BRK | Counter\BRK
0x099,event_0465.txt: Welcome!\BRK | Box of Oranges\BRK
0x09A,event_0477.txt: What do you want to wrap?\BRK | I suggest wrapping\r\nyour present. Bye now.\BRK
0x09C,event_0344.txt: 
0x09D,event_0344.txt: 
0x09E,event_0224.txt:  || event_0224.txt:  || event_0345.txt:  || event_0426.txt:  || event_0534.txt: 
0x09F,event_0226.txt:  || event_0348.txt:  || event_0357.txt:  || event_0428.txt:  || event_0537.txt: 
0x0A0,event_0349.txt:  || event_0352.txt: 
0x0A1,event_0349.txt: You haven't made anything.\BRK || event_0353.txt: 
0x0A2,event_0571.txt: 
0x0A5,event_0974.txt: 
0x0A7,"event_0867.txt:  || event_1146.txt: Will you select which \r\nChicken you want to compete?\BRK || event_1164.txt: Will you select a Cow, then?\BRK\WAIT_CLICKIt has to be adult Cow that\r\ngives Milk. It can't be \r\nsick or pregnant, though. \BRK || event_1265.txt: Will you select which Sheep?\r\nRemember, it has to be \r\nadult, and can't be sick, \BRK\r\npregnant, or shorn. \BRK"
0x0A9,event_0991.txt: You can't go outside today.\BRK
0x0AB,event_0034.txt:  || event_0044.txt:  || event_0055.txt:  || event_0064.txt:  || event_0078.txt:  || event_0848.txt: 
0x0AC,event_0737.txt:  || event_0737.txt: 
0x0AD,event_0352.txt:  || event_0357.txt:  || event_0357.txt: 
0x0AE,event_0353.txt:  || event_0353.txt:  || event_0357.txt: Ouch!...\BRK
0x0AF,event_0352.txt:  || event_0352.txt:  || event_0353.txt: 
0x0B0,event_0351.txt: Record Player\BRK || event_0351.txt: Record Player\BRK
0x0B2,event_0351.txt: Record Player\BRK
0x0B3,event_0531.txt: It's hot!...\BRK
0x0B4,event_0351.txt:  || event_0351.txt: 
0x0B6,event_0359.txt: Vase\BRK || event_0982.txt: 
0x0B7,event_0091.txt:  || event_0168.txt:  || event_0529.txt:  || event_0531.txt:  || event_0531.txt: 
0x0B9,"event_0218.txt: It's already full, so you \r\ncan't incubate any more.\BRK || event_0219.txt: It's already full, so you \r\ncan't incubate any more.\BRK || event_1061.txt: After picking an Egg up, \r\nface the Incubator and \r\npress the A Button. \BRK"
0x0BA,event_0209.txt:  || event_0210.txt:  || event_0211.txt:  || event_0212.txt:  || event_0213.txt:  || event_0214.txt:  || event_0215.txt:  || event_0216.txt: 
0x0BC,event_0984.txt:  || event_0984.txt: 
0x0BD,"event_0218.txt:  || event_0218.txt:  || event_0219.txt:  || event_0219.txt: It's already full, so you \r\ncan't incubate any more.\BRK || event_0984.txt: "
0x0BE,event_0984.txt:  || event_0984.txt:  || event_0984.txt: It should be born soon...\BRK || event_0984.txt: 
0x0C0,"event_0464.txt:  || event_1060.txt: If your Cows become sick, \r\nyou can heal them with \r\nAnimal Medicine. \BRK\WAIT_CLICKThis may be purchased at\r\nthe Poultry Farm or Yodel\r\nFarm. \BRK || event_1061.txt: If your Chickens become\r\nsick, you can heal them with\r\nAnimal Medicine. \BRK\WAIT_CLICKThis may be purchased at\r\nthe Poultry Farm or Yodel\r\nFarm. \BRK || event_1062.txt: If your Sheep become sick, \r\nyou can heal them with \r\nAnimal Medicine. \BRK\WAIT_CLICKThis may be purchased at\r\nthe Poultry Farm or Yodel\r\nFarm. \BRK || event_1063.txt: To ship harvested crops, \r\npress the A Button in front\r\nof the Shipment box. \BRK"
0x0C1,event_0442.txt:  || event_0443.txt:  || event_0444.txt:  || event_0445.txt:  || event_0446.txt:  || event_0447.txt:  || event_0448.txt:  || event_0449.txt:  || event_0450.txt:  || event_0451.txt:  || event_0452.txt:  || event_0453.txt:  || event_0454.txt:  || event_0455.txt:  || event_0456.txt:  || event_0457.txt:  || event_0459.txt:  || event_0460.txt:  || event_0984.txt:  || event_0984.txt:  || event_0984.txt:  || event_0984.txt: 
0x0C2,event_0984.txt:  || event_0984.txt: 
0x0C3,event_0984.txt: 
0x0C4,"event_0592.txt: Be sure and go look at it\r\nlater, OK?\BRK || event_0596.txt: Be sure and go look at it\r\nlater, OK?\BRK || event_0600.txt: Be sure and go look at it\r\nlater, OK?\BRK || event_0604.txt: Be sure and go look at it\r\nlater, OK?\BRK || event_0608.txt: Be sure and go look at it\r\nlater, OK?\BRK || event_0852.txt: "
0x0C5,"event_0571.txt: Your link level has now\r\nreached maximum strength!\r\nAs a reward, I'm now \BRK\r\ngranting you a Cottage on\r\nMineral Beach. \BRK\WAIT_CLICKGo and see how nice it is!\BRK | I see. \BRK\WAIT_CLICK"
0x0C9,event_0479.txt: Thanks very much.\BRK || event_0479.txt: Thanks very much.\BRK
0x0CC,"event_0999.txt: I'll get started \r\ntomorrow, budum.\BRK || event_0999.txt: Now I'm great at\r\ntaking care of the animals!\r\nJust leave it to me, budum!\BRK || event_1000.txt: I'll get started \r\ntomorrow, budum.\BRK || event_1000.txt: Now I'm great at\r\ntaking care of the animals!\r\nJust leave it to me, budum!\BRK || event_1001.txt: I'll get started \r\ntomorrow, budum.\BRK || event_1001.txt: Now I'm great at\r\ntaking care of the animals!\r\nJust leave it to me, budum!\BRK || event_1002.txt: I'll get started \r\ntomorrow, budum.\BRK || event_1002.txt: Now I'm great at\r\ntaking care of the animals!\r\nJust leave it to me, budum!\BRK || event_1003.txt: I'll get started \r\ntomorrow, budum.\BRK || event_1003.txt: Now I'm great at\r\ntaking care of the animals!\r\nJust leave it to me, budum!\BRK || event_1004.txt: I'll get started \r\ntomorrow, budum.\BRK || event_1004.txt: Now I'm great at\r\ntaking care of the animals!\r\nJust leave it to me, budum!\BRK || event_1005.txt: I'll get started \r\ntomorrow, budum.\BRK || event_1005.txt: Now I'm great at\r\ntaking care of the animals!\r\nJust leave it to me, budum!\BRK"
0x0CD,"event_0999.txt: We're already done\r\nworking for the day!\BRK | I haven't gotten very\r\ngood at it yet, budum...\BRK || event_0999.txt: I haven't gotten very\r\ngood at it yet, budum...\BRK | I think I'm getting the\r\nhang of it, budum...!\BRK || event_0999.txt: I think I'm getting the\r\nhang of it, budum...!\BRK | Harvesting is fun, budum!\r\nLet's do more!\BRK || event_0999.txt: Now I'm a master harvester!\r\nJust leave it to me, budum!\BRK | I haven't gotten very\r\ngood at it yet, budum...\BRK || event_0999.txt: I haven't gotten very\r\ngood at it yet, budum...\BRK | I think I'm getting the\r\nhang of it, budum...!\BRK || event_0999.txt: I think I'm getting the\r\nhang of it, budum...!\BRK | Watering is fun, budum!\r\nLet's do more!\BRK || event_0999.txt: Now I'm a master waterer!\r\nJust leave it to me, budum!\BRK | I haven't gotten very\r\ngood at it yet, budum...\BRK || event_0999.txt: I haven't gotten very\r\ngood at it yet, budum...\BRK | I think I'm getting the\r\nhang of it, budum...!\BRK || event_0999.txt: I think I'm getting the\r\nhang of it, budum...!\BRK | Taking care of animals\r\nis fun, budum!\r\nLet's do more!\BRK || event_1000.txt: I'm done for today, budum!\BRK | I haven't gotten very\r\ngood at it yet, budum...\BRK || event_1000.txt: I haven't gotten very\r\ngood at it yet, budum...\BRK | I think I'm getting the\r\nhang of it, budum...!\BRK || event_1000.txt: I think I'm getting the\r\nhang of it, budum...!\BRK | Harvesting is fun, budum!\r\nLet's do more!\BRK || event_1000.txt: Now I'm a master harvester!\r\nJust leave it to me, budum!\BRK | I haven't gotten very\r\ngood at it yet, budum...\BRK || event_1000.txt: I haven't gotten very\r\ngood at it yet, budum...\BRK | I think I'm getting the\r\nhang of it, budum...!\BRK || event_1000.txt: I think I'm getting the\r\nhang of it, budum...!\BRK | Watering is fun, budum!\r\nLet's do more!\BRK || event_1000.txt: Now I'm a master waterer!\r\nJust leave it to me, budum!\BRK | I haven't gotten very\r\ngood at it yet, budum...\BRK || event_1000.txt: I haven't gotten very\r\ngood at it yet, budum...\BRK | I think I'm getting the\r\nhang of it, budum...!\BRK || event_1000.txt: I think I'm getting the\r\nhang of it, budum...!\BRK | Taking care of animals\r\nis fun, budum!\r\nLet's do more!\BRK || event_1001.txt: We're already done\r\nworking for the day!\BRK | I haven't gotten very\r\ngood at it yet, budum...\BRK || event_1001.txt: I haven't gotten very\r\ngood at it yet, budum...\BRK | I think I'm getting the\r\nhang of it, budum...!\BRK || event_1001.txt: I think I'm getting the\r\nhang of it, budum...!\BRK | Harvesting is fun, budum!\r\nLet's do more!\BRK || event_1001.txt: Now I'm a master harvester!\r\nJust leave it to me, budum!\BRK | I haven't gotten very\r\ngood at it yet, budum...\BRK || event_1001.txt: I haven't gotten very\r\ngood at it yet, budum...\BRK | I think I'm getting the\r\nhang of it, budum...!\BRK || event_1001.txt: I think I'm getting the\r\nhang of it, budum...!\BRK | Watering is fun, budum!\r\nLet's do more!\BRK || event_1001.txt: Now I'm a master waterer!\r\nJust leave it to me, budum!\BRK | I haven't gotten very\r\ngood at it yet, budum...\BRK || event_1001.txt: I haven't gotten very\r\ngood at it yet, budum...\BRK | I think I'm getting the\r\nhang of it, budum...!\BRK || event_1001.txt: I think I'm getting the\r\nhang of it, budum...!\BRK | Taking care of animals\r\nis fun, budum!\r\nLet's do more!\BRK || event_1002.txt: We're already done\r\nworking for the day!\BRK | I haven't gotten very\r\ngood at it yet, budum...\BRK || event_1002.txt: I haven't gotten very\r\ngood at it yet, budum...\BRK | I think I'm getting the\r\nhang of it, budum...!\BRK || event_1002.txt: I think I'm getting the\r\nhang of it, budum...!\BRK | Harvesting is fun, budum!\r\nLet's do more!\BRK || event_1002.txt: Now I'm a master harvester!\r\nJust leave it to me, budum!\BRK | I haven't gotten very\r\ngood at it yet, budum...\BRK || event_1002.txt: I haven't gotten very\r\ngood at it yet, budum...\BRK | I think I'm getting the\r\nhang of it, budum...!\BRK || event_1002.txt: I think I'm getting the\r\nhang of it, budum...!\BRK | Watering is fun, budum!\r\nLet's do more!\BRK || event_1002.txt: Now I'm a master waterer!\r\nJust leave it to me, budum!\BRK | I haven't gotten very\r\ngood at it yet, budum...\BRK || event_1002.txt: I haven't gotten very\r\ngood at it yet, budum...\BRK | I think I'm getting the\r\nhang of it, budum...!\BRK || event_1002.txt: I think I'm getting the\r\nhang of it, budum...!\BRK | Taking care of animals\r\nis fun, budum!\r\nLet's do more!\BRK || event_1003.txt: We're already done\r\nworking for the day!\BRK | I haven't gotten very\r\ngood at it yet, budum...\BRK || event_1003.txt: I haven't gotten very\r\ngood at it yet, budum...\BRK | I think I'm getting the\r\nhang of it, budum...!\BRK || event_1003.txt: I think I'm getting the\r\nhang of it, budum...!\BRK | Harvesting is fun, budum!\r\nLet's do more!\BRK || event_1003.txt: Now I'm a master harvester!\r\nJust leave it to me, budum!\BRK | I haven't gotten very\r\ngood at it yet, budum...\BRK || event_1003.txt: I haven't gotten very\r\ngood at it yet, budum...\BRK | I think I'm getting the\r\nhang of it, budum...!\BRK || event_1003.txt: I think I'm getting the\r\nhang of it, budum...!\BRK | Watering is fun, budum!\r\nLet's do more!\BRK || event_1003.txt: Now I'm a master waterer!\r\nJust leave it to me, budum!\BRK | I haven't gotten very\r\ngood at it yet, budum...\BRK || event_1003.txt: I haven't gotten very\r\ngood at it yet, budum...\BRK | I think I'm getting the\r\nhang of it, budum...!\BRK || event_1003.txt: I think I'm getting the\r\nhang of it, budum...!\BRK | Taking care of animals\r\nis fun, budum!\r\nLet's do more!\BRK || event_1004.txt: We're already done\r\nworking for the day!\BRK | I haven't gotten very\r\ngood at it yet, budum...\BRK || event_1004.txt: I haven't gotten very\r\ngood at it yet, budum...\BRK | I think I'm getting the\r\nhang of it, budum...!\BRK || event_1004.txt: I think I'm getting the\r\nhang of it, budum...!\BRK | Harvesting is fun, budum!\r\nLet's do more!\BRK || event_1004.txt: Now I'm a master harvester!\r\nJust leave it to me, budum!\BRK | I haven't gotten very\r\ngood at it yet, budum...\BRK || event_1004.txt: I haven't gotten very\r\ngood at it yet, budum...\BRK | I think I'm getting the\r\nhang of it, budum...!\BRK || event_1004.txt: I think I'm getting the\r\nhang of it, budum...!\BRK | Watering is fun, budum!\r\nLet's do more!\BRK || event_1004.txt: Now I'm a master waterer!\r\nJust leave it to me, budum!\BRK | I haven't gotten very\r\ngood at it yet, budum...\BRK || event_1004.txt: I haven't gotten very\r\ngood at it yet, budum...\BRK | I think I'm getting the\r\nhang of it, budum...!\BRK || event_1004.txt: I think I'm getting the\r\nhang of it, budum...!\BRK | Taking care of animals\r\nis fun, budum!\r\nLet's do more!\BRK || event_1005.txt: We're already done\r\nworking for the day!\BRK | I haven't gotten very\r\ngood at it yet, budum...\BRK || event_1005.txt: I haven't gotten very\r\ngood at it yet, budum...\BRK | I think I'm getting the\r\nhang of it, budum...!\BRK || event_1005.txt: I think I'm getting the\r\nhang of it, budum...!\BRK | Harvesting is fun, budum!\r\nLet's do more!\BRK || event_1005.txt: Now I'm a master harvester!\r\nJust leave it to me, budum!\BRK | I haven't gotten very\r\ngood at it yet, budum...\BRK || event_1005.txt: I haven't gotten very\r\ngood at it yet, budum...\BRK | I think I'm getting the\r\nhang of it, budum...!\BRK || event_1005.txt: I think I'm getting the\r\nhang of it, budum...!\BRK | Watering is fun, budum!\r\nLet's do more!\BRK || event_1005.txt: Now I'm a master waterer!\r\nJust leave it to me, budum!\BRK | I haven't gotten very\r\ngood at it yet, budum...\BRK || event_1005.txt: I haven't gotten very\r\ngood at it yet, budum...\BRK | I think I'm getting the\r\nhang of it, budum...!\BRK || event_1005.txt: I think I'm getting the\r\nhang of it, budum...!\BRK | Taking care of animals\r\nis fun, budum!\r\nLet's do more!\BRK"
0x0CE,"event_0999.txt: Really, budum?\r\nIs that so...?\BRK | We already played today!\r\nLet's play tomorrow, budum.\BRK || event_0999.txt: We're already done\r\nworking for the day!\BRK || event_1000.txt: Really, budum?\r\nIs that so...?\BRK | We already played today!\r\nLet's play tomorrow, budum.\BRK || event_1000.txt: I'm done for today, budum!\BRK || event_1001.txt: Really, budum?\r\nIs that so...?\BRK | We already played today!\r\nLet's play tomorrow, budum.\BRK || event_1001.txt: We're already done\r\nworking for the day!\BRK || event_1002.txt: Really, budum?\r\nIs that so...?\BRK | We already played today!\r\nLet's play tomorrow, budum.\BRK || event_1002.txt: We're already done\r\nworking for the day!\BRK || event_1003.txt: Really, budum?\r\nIs that so...?\BRK | We already played today!\r\nLet's play tomorrow, budum.\BRK || event_1003.txt: We're already done\r\nworking for the day!\BRK || event_1004.txt: Really, budum?\r\nIs that so...?\BRK | We already played today!\r\nLet's play tomorrow, budum.\BRK || event_1004.txt: We're already done\r\nworking for the day!\BRK || event_1005.txt: Really, budum?\r\nIs that so...?\BRK | We already played today!\r\nLet's play tomorrow, budum.\BRK || event_1005.txt: We're already done\r\nworking for the day!\BRK"
0x0D1,"event_0999.txt: OK. Tomorrow I'll rest,\r\nbudum.\BRK || event_1000.txt: OK. Tomorrow I'll rest,\r\nbudum.\BRK || event_1001.txt: OK. Tomorrow I'll rest,\r\nbudum.\BRK || event_1002.txt: OK. Tomorrow I'll rest,\r\nbudum.\BRK || event_1003.txt: OK. Tomorrow I'll rest,\r\nbudum.\BRK || event_1004.txt: OK. Tomorrow I'll rest,\r\nbudum.\BRK || event_1005.txt: OK. Tomorrow I'll rest,\r\nbudum.\BRK"
0x0D4,"event_0999.txt: Let's play the\r\nharvest game, budum!\BRK || event_1000.txt: Let's play the\r\nharvest game, budum!\BRK || event_1001.txt: Let's play the harvest game.\BRK || event_1002.txt: Let's play the\r\nharvest game, budum!\BRK || event_1003.txt: Let's play the\r\nharvest game, budum!\BRK || event_1004.txt: Let's play the\r\nharvest game, budum!\BRK || event_1005.txt: Let's play the\r\nharvest game, budum!\BRK"
0x0D5,"event_0999.txt: Let's play the\r\nwatering game, budum!\BRK || event_0999.txt: If you say so.\r\nCome again, budum...\BRK | We're already done\r\nworking for the day!\BRK || event_1000.txt: Let's play the\r\nwatering game, budum!\BRK || event_1000.txt: Really, budum?\r\nIs that so...?\BRK | I'm done for today, budum!\BRK || event_1001.txt: Let's play the\r\nwatering game, budum!\BRK || event_1001.txt: Really?\r\nThat's too bad, budum...\BRK | We're already done\r\nworking for the day!\BRK || event_1002.txt: Let's play the\r\nwatering game, budum!\BRK || event_1002.txt: No?\BRK | We're already done\r\nworking for the day!\BRK || event_1003.txt: Let's play the\r\nwatering game, budum!\BRK || event_1003.txt: Just let me know if\r\nyou need me later, budum.\BRK | We're already done\r\nworking for the day!\BRK || event_1004.txt: Let's play the\r\nwatering game, budum!\BRK || event_1004.txt: What? You want\r\nto quit, budum?\BRK | We're already done\r\nworking for the day!\BRK || event_1005.txt: Let's play the\r\nwatering game, budum!\BRK || event_1005.txt: No?\BRK | We're already done\r\nworking for the day!\BRK"
0x0D6,"event_0999.txt: Let's play the\r\nanimal husbandry game,\r\nbudum!\BRK || event_1000.txt: Let's play the\r\nanimal husbandry game,\r\nbudum!\BRK || event_1001.txt: Let's play the\r\nanimal husbandry game,\r\nbudum!\BRK || event_1002.txt: Let's play the\r\nanimal husbandry game,\r\nbudum!\BRK || event_1003.txt: Let's play the\r\nanimal husbandry game,\r\nbudum!\BRK || event_1004.txt: Let's play the\r\nanimal husbandry game,\r\nbudum!\BRK || event_1005.txt: Let's play the\r\nanimal husbandry game,\r\nbudum!\BRK || event_1147.txt: "
0x0DA,"event_0404.txt: Great! \r\nLet's start, then.\BRK || event_0404.txt: Alright. Press SELECT ON \r\nthe Betting Screen to see a\r\ndescription of how to \BRK\r\ndo it. \BRK"
0x0DB,"event_0492.txt:  || event_0982.txt:  || event_0982.txt:  || event_1079.txt: The Horse Races are \r\ntomorrow at the Square, you\r\nknow...\BRK\WAIT_CLICKIf you've got a Horse, you\r\nshould consider competing!\BRK || event_1079.txt: The Horse Races are \r\ntomorrow at the Square, you\r\nknow...\BRK\WAIT_CLICKIf you've got a Horse, you\r\nshould consider competing!\BRK || event_1079.txt:  || event_1079.txt: Really?...\r\nWell, you can still \r\nplace bets on the Race.\BRK\r\nIt's fun - you should come!\BRK || event_1245.txt: Tomorrow is the Fall \r\nHorse Racing in the Square.\BRK\WAIT_CLICKIf you have a Horse that\r\ncan enter, you should \r\ngive it a try. \BRK || event_1245.txt: Tomorrow is the Fall \r\nHorse Racing in the Square.\BRK\WAIT_CLICKIf you have a good Horse, \r\nyou should try entering.\BRK || event_1245.txt:  || event_1245.txt: That's too bad. \r\nYou should still come and \r\nbet on the races, though. \r\nIt's fun!\BRK"
0x0DD,"event_0104.txt: Alright, let's go!\BRK || event_0285.txt: There is a phone.\BRK | There is a phone.\BRK || event_0285.txt: Hello.\r\nThis is the TV\r\nShopping Network.\BRK\WAIT_CLICK | The Watch is 2,000G.\r\nDo you want it?\BRK || event_0492.txt: "
0x0DF,event_0358.txt: 
0x0E0,event_1051.txt:  || event_1051.txt:  || event_1051.txt:  || event_1051.txt:  || event_1051.txt:  || event_1051.txt:  || event_1051.txt:  || event_1051.txt:  || event_1051.txt:  || event_1051.txt:  || event_1051.txt:  || event_1051.txt:  || event_1051.txt:  || event_1051.txt:  || event_1051.txt:  || event_1051.txt: 
0x0E1,event_0285.txt: Thanks a lot.\r\nI'll deliver it in \r\n2-3 days.\BRK | It looks like you don't\r\nhave enough gold. I'd\r\nhold off if I were you.\BRK
0x0E6,event_0571.txt: 
0x0E7,event_0571.txt: 
0x0E8,event_0571.txt:  || event_0571.txt:  || event_0976.txt: 
0x0E9,event_0571.txt:  || event_0571.txt:  || event_0976.txt:  || event_0976.txt:  || event_0976.txt:  || event_0976.txt:  || event_0976.txt:  || event_0976.txt: 
0x0EA,event_0571.txt:  || event_0571.txt: 
0x0ED,event_0717.txt: 
0x0F1,event_0487.txt:  || event_0528.txt:  || event_0528.txt:  || event_0528.txt: 
0x0F5,event_0157.txt:  || event_0157.txt:  || event_0157.txt:  || event_0487.txt:  || event_0528.txt:  || event_0528.txt:  || event_0528.txt: 
0x0F6,event_0487.txt: 
0x0F8,event_0157.txt:  || event_0157.txt:  || event_0157.txt: 
0x0F9,event_0157.txt:  || event_0982.txt:  || event_0982.txt:  || event_0982.txt:  || event_0982.txt:  || event_0982.txt:  || event_0982.txt:  || event_0982.txt:  || event_0982.txt:  || event_0982.txt:  || event_0982.txt:  || event_0982.txt:  || event_0982.txt:  || event_0982.txt:  || event_0982.txt:  || event_0982.txt:  || event_0982.txt:  || event_0982.txt: 
0x0FA,event_0344.txt: 
0x0FF,event_1146.txt: 
0x10D,event_0008.txt: Ah...your\xFF%\r\nis sick.\BRK || event_0013.txt:  || event_0999.txt:  || event_1000.txt:  || event_1001.txt:  || event_1002.txt:  || event_1003.txt:  || event_1004.txt:  || event_1005.txt:  || event_1146.txt:  || event_1164.txt:  || event_1265.txt: 
0x10E,event_1265.txt: 
0x10F,"event_0404.txt:  || event_0404.txt:  || event_0985.txt:  || event_0985.txt:  || event_0985.txt:  || event_0985.txt:  || event_0985.txt:  || event_0985.txt:  || event_1164.txt: The Cow Festival is tomorrow\r\nin Rose Square. \BRK\WAIT_CLICKIf you have an adult, non-\r\npregnant healthy Cow, you\r\ncan enter it. \BRK\WAIT_CLICKI hope to see a Cow from \r\n\xFF$ next year.\BRK || event_1176.txt:  || event_1265.txt: The Sheep Festival is \r\ntomorrow at Rose Square.\BRK\WAIT_CLICKAny adult Sheep that isn't \r\npregnant, sick, or shorn \r\ncan compete. \BRK\WAIT_CLICKI hope to see an entry from\r\n\xFF$ next year. || event_1276.txt: "
0x111,event_0985.txt: The animals' lives\r\ndepend on you!\BRK\WAIT_CLICKYou've got to take better\r\ncare of them than this!\BRK
0x112,event_0985.txt: 
0x113,"event_0985.txt:  || event_0985.txt: Don't get too upset, now.\r\nYou did a good job of\r\ntaking care of of it.\BRK"
0x115,event_0982.txt:  || event_0982.txt: 
0x116,event_0982.txt:  || event_0982.txt: 
0x117,event_0001.txt:  || event_0218.txt:  || event_0219.txt:  || event_0984.txt: A Calf has been born.\r\nGive it a name for this \r\nlife.\BRK || event_1164.txt:  || event_1265.txt: 
0x11B,event_0976.txt:  || event_1079.txt:  || event_1130.txt:  || event_1146.txt:  || event_1164.txt:  || event_1245.txt:  || event_1265.txt: 
0x11D,event_0404.txt:  || event_0404.txt:  || event_1154.txt:  || event_1157.txt:  || event_1176.txt:  || event_1179.txt:  || event_1180.txt:  || event_1190.txt:  || event_1276.txt:  || event_1289.txt: 
0x11F,event_0976.txt: 
0x120,event_0976.txt: 
0x121,event_0976.txt:  || event_0976.txt:  || event_0982.txt: 
0x122,event_0982.txt: 
0x123,event_1022.txt: I hope to make it over to\r\nForget-me-not Valley soon.\BRK | Forget-me-not Valley seems \r\nlike it's full of \r\nopportunity.\r\nI'll be going there soon.\BRK || event_1022.txt: Forget-me-not Valley seems \r\nlike it's full of \r\nopportunity.\r\nI'll be going there soon.\BRK | I think I'll be going to \r\nForget-me-not Valley again.\BRK || event_1022.txt: I think I'll be going to \r\nForget-me-not Valley again.\BRK
0x124,event_0571.txt:  || event_1022.txt: You should see what \r\nForget-me-not Valley is like\r\nwith your own eyes!\BRK\WAIT_CLICKI bet you'd like it.\BRK || event_1124.txt: Place your dish along with \r\neverybody else's. \BRK\WAIT_CLICKThe Gourmet will try them\r\nall and declare the winner.\BRK\WAIT_CLICKCan we start now?\BRK
0x128,event_0982.txt: 
0x12A,"event_0106.txt:  || event_0409.txt: Hmm...What should I make?\BRK || event_0409.txt: That was fun!\r\nNow back to work...\BRK || event_0409.txt:  || event_0409.txt:  || event_0409.txt:  || event_0409.txt:  || event_0409.txt:  || event_0410.txt: Hmm...What should I make?\BRK || event_0410.txt: That was fun!\r\nNow back to work...\BRK || event_0410.txt:  || event_0410.txt:  || event_0410.txt:  || event_0410.txt:  || event_0410.txt:  || event_0411.txt: Hmm...What should I make?\BRK || event_0411.txt: That was fun!\r\nNow back to work...\BRK || event_0411.txt:  || event_0411.txt:  || event_0411.txt:  || event_0411.txt:  || event_0411.txt:  || event_0654.txt: I can't believe I'm about to\r\nbecome a father...\r\nThis is so great!\BRK || event_0655.txt: I can't believe I'm about to\r\nbecome a father...\r\nThis is so great!\BRK || event_0656.txt: I can't believe I'm about to\r\nbecome a father...\r\nThis is so great!\BRK || event_0657.txt: I can't believe I'm about to\r\nbecome a father...\r\nThis is so great!\BRK || event_0658.txt: I can't believe I'm about to\r\nbecome a father...\r\nThis is so great!\BRK || event_0717.txt: Back to work, I guess!\BRK || event_0717.txt: It's good to see Cliff \r\nso happy about his work. \BRK || event_0749.txt: I will hang this sock\r\non my wall from now on...\BRK || event_0867.txt: \r\nThen, the next day...\BRK || event_0986.txt:  || event_1129.txt: "
0x12C,event_0982.txt:  || event_0982.txt:  || event_0982.txt:  || event_0982.txt:  || event_0982.txt:  || event_0982.txt:  || event_0982.txt:  || event_0982.txt:  || event_0982.txt:  || event_0982.txt:  || event_0982.txt: 
0x12D,"event_0821.txt: Wow, shooting stars!\r\nI'll wish for...\BRK"
0x12E,"event_0005.txt:  || event_0007.txt:  || event_0139.txt: Don't forget that your\r\nanimals give you their own\r\nmilk, eggs, and wool to use!\BRK\WAIT_CLICKExpress your gratitude \r\nby caring for them well!\BRK\WAIT_CLICKThe Harvest Goddess has\r\nnow forg || event_0139.txt: The human heart is a weak\r\nthing, and often we seek to\r\nmake ourselves feel better\BRK\r\nby cruelty to those weaker \r\nin strength. \BRK\WAIT_CLICKRemember that true \r\nstrength lies in kindnes || event_0694.txt: You'll have to learn to pace\r\nyourself better from now on.\r\nRest here for today. \BRK || event_0981.txt: "
0x12F,event_0821.txt:  || event_1319.txt: 
0x131,event_0659.txt:  || event_0660.txt:  || event_0661.txt:  || event_0662.txt:  || event_0663.txt:  || event_0863.txt: 
0x134,event_0089.txt:  || event_0092.txt:  || event_1319.txt: I hope the new year is \r\na good one for everybody.\BRK
0x135,event_0978.txt:  || event_1319.txt: I hope the new year is \r\na good one for everybody.\BRK
0x136,event_0986.txt: You overslept...\BRK || event_0986.txt: The curse has been lifted\r\nfrom the Hammer!\BRK
0x137,event_0349.txt:  || event_0986.txt: You overslept...\BRK || event_0986.txt: The curse has been lifted\r\nfrom the Hammer!\BRK
0x141,event_1061.txt: Press the A Button next to\r\nan Egg to pick it up. \BRK || event_1061.txt: 
0x144,event_0828.txt:  || event_0829.txt:  || event_0830.txt:  || event_0831.txt:  || event_0832.txt:  || event_0833.txt:  || event_1061.txt:  || event_1061.txt: 
0x145,event_0987.txt: I'll get today's shipment!\BRK
